Timestamp,Sample,Mode,SenseWire,SourceMode,SourceSetpoint,Voltage_V,Current_A,Resistance_Ohm,Power_W,ComplianceLimit,ComplianceTrip,Elapsed_s,Status,Raw
"2026-08-26T04:13:02.186Z","a","time","4","VOLT","9","9","0.00402808","2234.3151079422455","0.03625272","1","false","3.181","4215812","+9.000000E+00,+4.028080E-03,+1.667667E+03,+4.215812E+06"
"2026-08-26T04:13:02.457Z","a","time","4","VOLT","9","9","0.003792547","2373.0754028888764","0.034132922999999996","1","false","3.452","4215812","+9.000000E+00,+3.792547E-03,+1.667937E+03,+4.215812E+06"
"2026-08-26T04:13:02.665Z","a","time","4","VOLT","9","9","0.003648884","2466.507567793331","0.032839956","1","false","3.66","4215812","+9.000000E+00,+3.648884E-03,+1.668136E+03,+4.215812E+06"
"2026-08-26T04:13:02.873Z","a","time","4","VOLT","9","9","0.00356283","2526.081794528507","0.03206547","1","false","3.868","4215812","+9.000000E+00,+3.562830E-03,+1.668347E+03,+4.215812E+06"
"2026-08-26T04:13:03.081Z","a","time","4","VOLT","9","9","0.003496798","2573.783215387334","0.031471182","1","false","4.076","4215812","+9.000000E+00,+3.496798E-03,+1.668540E+03,+4.215812E+06"
"2026-08-26T04:13:03.288Z","a","time","4","VOLT","9","9","0.003405787","2642.561029212925","0.030652083","1","false","4.283","4215812","+9.000000E+00,+3.405787E-03,+1.668747E+03,+4.215812E+06"
"2026-08-26T04:13:03.496Z","a","time","4","VOLT","9","9","0.003323564","2707.9364200599116","0.029912076000000003","1","false","4.491","4215812","+9.000000E+00,+3.323564E-03,+1.668954E+03,+4.215812E+06"
"2026-08-26T04:13:03.704Z","a","time","4","VOLT","9","9","0.003268514","2753.5448830875434","0.029416626","1","false","4.699","4215812","+9.000000E+00,+3.268514E-03,+1.669155E+03,+4.215812E+06"
"2026-08-26T04:13:03.912Z","a","time","4","VOLT","9","9","0.003212263","2801.7631183997078","0.028910367","1","false","4.907","4215812","+9.000000E+00,+3.212263E-03,+1.669353E+03,+4.215812E+06"
"2026-08-26T04:13:04.120Z","a","time","4","VOLT","9","9","0.003126579","2878.5455285153516","0.028139211","1","false","5.115","4215812","+9.000000E+00,+3.126579E-03,+1.669556E+03,+4.215812E+06"
"2026-08-26T04:13:04.327Z","a","time","4","VOLT","9","9","0.0030913","2911.39649985443","0.027821699999999998","1","false","5.322","4215812","+9.000000E+00,+3.091300E-03,+1.669762E+03,+4.215812E+06"
"2026-08-26T04:13:04.535Z","a","time","4","VOLT","9","9","0.003029336","2970.948088954147","0.027264024","1","false","5.53","4215812","+9.000000E+00,+3.029336E-03,+1.669972E+03,+4.215812E+06"
"2026-08-26T04:13:04.743Z","a","time","4","VOLT","9","9","0.002949715","3051.1422289950046","0.026547434999999998","1","false","5.738","4215812","+9.000000E+00,+2.949715E-03,+1.670177E+03,+4.215812E+06"
"2026-08-26T04:13:04.950Z","a","time","4","VOLT","9","9","0.00290206","3101.2453222883055","0.026118540000000003","1","false","5.945","4215812","+9.000000E+00,+2.902060E-03,+1.670371E+03,+4.215812E+06"
"2026-08-26T04:13:05.158Z","a","time","4","VOLT","9","9","0.002847128","3161.080218381471","0.025624152","1","false","6.153","4215812","+9.000000E+00,+2.847128E-03,+1.670584E+03,+4.215812E+06"
"2026-08-26T04:13:05.350Z","a","time","4","VOLT","9","9","0.002829352","3180.940370798685","0.025464168","1","false","6.345","4215812","+9.000000E+00,+2.829352E-03,+1.670771E+03,+4.215812E+06"
"2026-08-26T04:13:05.574Z","a","time","4","VOLT","9","9","0.002763872","3256.301304836114","0.024874848","1","false","6.569","4215812","+9.000000E+00,+2.763872E-03,+1.670979E+03,+4.215812E+06"
"2026-08-26T04:13:05.765Z","a","time","4","VOLT","9","9","0.002717256","3312.1649193156627","0.024455304","1","false","6.76","4215812","+9.000000E+00,+2.717256E-03,+1.671173E+03,+4.215812E+06"
"2026-08-26T04:13:05.989Z","a","time","4","VOLT","9","9","0.002672516","3367.613140576146","0.024052644","1","false","6.984","4215812","+9.000000E+00,+2.672516E-03,+1.671384E+03,+4.215812E+06"
"2026-08-26T04:13:06.181Z","a","time","4","VOLT","9","9","0.002655481","3389.216492228715","0.023899329","1","false","7.176","4215812","+9.000000E+00,+2.655481E-03,+1.671584E+03,+4.215812E+06"
"2026-08-26T04:13:06.388Z","a","time","4","VOLT","9","9","0.002600385","3461.0259634631025","0.023403465000000002","1","false","7.384","4215812","+9.000000E+00,+2.600385E-03,+1.671788E+03,+4.215812E+06"
"2026-08-26T04:13:06.596Z","a","time","4","VOLT","9","9","0.00256275","3511.852502194908","0.02306475","1","false","7.591","4215812","+9.000000E+00,+2.562750E-03,+1.671985E+03,+4.215812E+06"
"2026-08-26T04:13:06.804Z","a","time","4","VOLT","9","9","0.002531","3555.906756222837","0.022778999999999997","1","false","7.799","4215812","+9.000000E+00,+2.531000E-03,+1.672181E+03,+4.215812E+06"
"2026-08-26T04:13:07.012Z","a","time","4","VOLT","9","9","0.002518433","3573.6507582294225","0.022665897","1","false","8.007","4215812","+9.000000E+00,+2.518433E-03,+1.672388E+03,+4.215812E+06"
"2026-08-26T04:13:07.220Z","a","time","4","VOLT","9","9","0.002472667","3639.7946023463733","0.022254003","1","false","8.215","4215812","+9.000000E+00,+2.472667E-03,+1.672586E+03,+4.215812E+06"
"2026-08-26T04:13:07.427Z","a","time","4","VOLT","9","9","0.002442016","3685.479538217604","0.021978143999999998","1","false","8.422","4215812","+9.000000E+00,+2.442016E-03,+1.672799E+03,+4.215812E+06"
"2026-08-26T04:13:07.635Z","a","time","4","VOLT","9","9","0.00243505","3696.0226689390365","0.02191545","1","false","8.63","4215812","+9.000000E+00,+2.435050E-03,+1.673008E+03,+4.215812E+06"
"2026-08-26T04:13:07.843Z","a","time","4","VOLT","9","9","0.002383853","3775.400580488814","0.021454677","1","false","8.838","4215812","+9.000000E+00,+2.383853E-03,+1.673209E+03,+4.215812E+06"
"2026-08-26T04:13:08.050Z","a","time","4","VOLT","9","9","0.002360262","3813.135999308551","0.021242358000000003","1","false","9.045","4215812","+9.000000E+00,+2.360262E-03,+1.673403E+03,+4.215812E+06"
"2026-08-26T04:13:08.259Z","a","time","4","VOLT","9","9","0.002360436","3812.854913244841","0.021243924","1","false","9.254","4215812","+9.000000E+00,+2.360436E-03,+1.673609E+03,+4.215812E+06"
"2026-08-26T04:13:08.450Z","a","time","4","VOLT","9","9","0.002337614","3850.079611090625","0.021038526000000002","1","false","9.445","4215812","+9.000000E+00,+2.337614E-03,+1.673805E+03,+4.215812E+06"
"2026-08-26T04:13:08.674Z","a","time","4","VOLT","9","9","0.002310749","3894.841023408427","0.020796741","1","false","9.669","4215812","+9.000000E+00,+2.310749E-03,+1.674012E+03,+4.215812E+06"
"2026-08-26T04:13:08.881Z","a","time","4","VOLT","9","9","0.002279347","3948.499285102268","0.020514123000000002","1","false","9.876","4215812","+9.000000E+00,+2.279347E-03,+1.674214E+03,+4.215812E+06"
"2026-08-26T04:13:09.089Z","a","time","4","VOLT","9","9","0.002253471","3993.838837952652","0.020281239","1","false","10.084","4215812","+9.000000E+00,+2.253471E-03,+1.674416E+03,+4.215812E+06"
"2026-08-26T04:13:09.297Z","a","time","4","VOLT","9","9","0.002252678","3995.2447708904688","0.020274102000000002","1","false","10.292","4215812","+9.000000E+00,+2.252678E-03,+1.674619E+03,+4.215812E+06"
"2026-08-26T04:13:09.489Z","a","time","4","VOLT","9","9","0.00221177","4069.1391962093708","0.019905930000000002","1","false","10.484","4215812","+9.000000E+00,+2.211770E-03,+1.674819E+03,+4.215812E+06"
"2026-08-26T04:13:09.713Z","a","time","4","VOLT","9","9","0.002218474","4056.8426765425247","0.019966265999999996","1","false","10.708","4215812","+9.000000E+00,+2.218474E-03,+1.675024E+03,+4.215812E+06"
"2026-08-26T04:13:09.904Z","a","time","4","VOLT","9","9","0.002199652","4091.556300723933","0.019796868","1","false","10.899","4215812","+9.000000E+00,+2.199652E-03,+1.675221E+03,+4.215812E+06"
"2026-08-26T04:13:10.129Z","a","time","4","VOLT","9","9","0.002186005","4117.0994576865105","0.019674045","1","false","11.124","4215812","+9.000000E+00,+2.186005E-03,+1.675431E+03,+4.215812E+06"
"2026-08-26T04:13:10.336Z","a","time","4","VOLT","9","9","0.00214455","4196.684619150871","0.019300949999999997","1","false","11.331","4215812","+9.000000E+00,+2.144550E-03,+1.675635E+03,+4.215812E+06"
"2026-08-26T04:13:10.543Z","a","time","4","VOLT","9","9","0.002144354","4197.06820795447","0.019299186","1","false","11.538","4215812","+9.000000E+00,+2.144354E-03,+1.675841E+03,+4.215812E+06"
"2026-08-26T04:13:10.751Z","a","time","4","VOLT","9","9","0.00211565","4254.011769432562","0.01904085","1","false","11.746","4215812","+9.000000E+00,+2.115650E-03,+1.676043E+03,+4.215812E+06"
"2026-08-26T04:13:10.959Z","a","time","4","VOLT","9","9","0.00210122","4283.225935408953","0.01891098","1","false","11.954","4215812","+9.000000E+00,+2.101220E-03,+1.676253E+03,+4.215812E+06"
"2026-08-26T04:13:11.166Z","a","time","4","VOLT","9","9","0.002087227","4311.941154459961","0.018785043","1","false","12.161","4215812","+9.000000E+00,+2.087227E-03,+1.676451E+03,+4.215812E+06"
"2026-08-26T04:13:11.374Z","a","time","4","VOLT","9","9","0.002078773","4329.477052087938","0.018708957","1","false","12.369","4215812","+9.000000E+00,+2.078773E-03,+1.676659E+03,+4.215812E+06"
"2026-08-26T04:13:11.582Z","a","time","4","VOLT","9","9","0.002078166","4330.741625067487","0.018703494","1","false","12.577","4215812","+9.000000E+00,+2.078166E-03,+1.676853E+03,+4.215812E+06"
"2026-08-26T04:13:11.789Z","a","time","4","VOLT","9","9","0.002061481","4365.793330134986","0.018553329","1","false","12.784","4215812","+9.000000E+00,+2.061481E-03,+1.677057E+03,+4.215812E+06"
"2026-08-26T04:13:11.997Z","a","time","4","VOLT","9","9","0.002038267","4415.515729784175","0.018344403","1","false","12.992","4215812","+9.000000E+00,+2.038267E-03,+1.677267E+03,+4.215812E+06"
"2026-08-26T04:13:12.205Z","a","time","4","VOLT","9","9","0.002049937","4390.3788262761245","0.018449433","1","false","13.2","4215812","+9.000000E+00,+2.049937E-03,+1.677468E+03,+4.215812E+06"
"2026-08-26T04:13:12.413Z","a","time","4","VOLT","9","9","0.002036771","4418.758908095215","0.018330939","1","false","13.408","4215812","+9.000000E+00,+2.036771E-03,+1.677666E+03,+4.215812E+06"
"2026-08-26T04:13:12.604Z","a","time","4","VOLT","9","9","0.00200367","4491.757624758568","0.01803303","1","false","13.599","4215812","+9.000000E+00,+2.003670E-03,+1.677866E+03,+4.215812E+06"
"2026-08-26T04:13:12.828Z","a","time","4","VOLT","9","9","0.00199465","4512.069786679367","0.017951850000000002","1","false","13.823","4215812","+9.000000E+00,+1.994650E-03,+1.678078E+03,+4.215812E+06"
"2026-08-26T04:13:13.036Z","a","time","4","VOLT","9","9","0.001983425","4537.605404792215","0.017850825","1","false","14.031","4215812","+9.000000E+00,+1.983425E-03,+1.678273E+03,+4.215812E+06"
"2026-08-26T04:13:13.244Z","a","time","4","VOLT","9","9","0.001978093","4549.836635587912","0.017802837000000002","1","false","14.239","4215812","+9.000000E+00,+1.978093E-03,+1.678484E+03,+4.215812E+06"
"2026-08-26T04:13:13.468Z","a","time","4","VOLT","9","9","0.001965594","4578.768555459571","0.017690346000000003","1","false","14.463","4215812","+9.000000E+00,+1.965594E-03,+1.678696E+03,+4.215812E+06"
"2026-08-26T04:13:13.659Z","a","time","4","VOLT","9","9","0.001953779","4606.4575369066815","0.017584011","1","false","14.654","4215812","+9.000000E+00,+1.953779E-03,+1.678896E+03,+4.215812E+06"
"2026-08-26T04:13:13.883Z","a","time","4","VOLT","9","9","0.001945992","4624.8905442571195","0.017513927999999998","1","false","14.878","4215812","+9.000000E+00,+1.945992E-03,+1.679108E+03,+4.215812E+06"
"2026-08-26T04:13:14.075Z","a","time","4","VOLT","9","9","0.001939188","4641.117828699435","0.017452692","1","false","15.07","4215812","+9.000000E+00,+1.939188E-03,+1.679305E+03,+4.215812E+06"
"2026-08-26T04:13:14.298Z","a","time","4","VOLT","9","9","0.001929074","4665.450884725003","0.017361666","1","false","15.293","4215812","+9.000000E+00,+1.929074E-03,+1.679513E+03,+4.215812E+06"
"2026-08-26T04:13:14.490Z","a","time","4","VOLT","9","9","0.001921339","4684.2332352593685","0.017292051","1","false","15.485","4215812","+9.000000E+00,+1.921339E-03,+1.679709E+03,+4.215812E+06"
"2026-08-26T04:13:14.714Z","a","time","4","VOLT","9","9","0.001913671","4703.002762752845","0.017223039","1","false","15.709","4215812","+9.000000E+00,+1.913671E-03,+1.679920E+03,+4.215812E+06"
"2026-08-26T04:13:14.905Z","a","time","4","VOLT","9","9","0.001903345","4728.5174259001915","0.017130105","1","false","15.9","4215812","+9.000000E+00,+1.903345E-03,+1.680121E+03,+4.215812E+06"
"2026-08-26T04:13:15.129Z","a","time","4","VOLT","9","9","0.001893606","4752.836651341409","0.017042454","1","false","16.124","4215812","+9.000000E+00,+1.893606E-03,+1.680330E+03,+4.215812E+06"
"2026-08-26T04:13:15.321Z","a","time","4","VOLT","9","9","0.001890486","4760.680586896703","0.017014374","1","false","16.316","4215812","+9.000000E+00,+1.890486E-03,+1.680522E+03,+4.215812E+06"
"2026-08-26T04:13:15.529Z","a","time","4","VOLT","9","9","0.001901969","4731.938322864357","0.017117721000000002","1","false","16.524","4215812","+9.000000E+00,+1.901969E-03,+1.680729E+03,+4.215812E+06"
"2026-08-26T04:13:15.753Z","a","time","4","VOLT","9","9","0.001871233","4809.6629334775525","0.016841097","1","false","16.748","4215812","+9.000000E+00,+1.871233E-03,+1.680935E+03,+4.215812E+06"
"2026-08-26T04:13:15.945Z","a","time","4","VOLT","9","9","0.001871429","4809.159204009343","0.016842861","1","false","16.94","4215812","+9.000000E+00,+1.871429E-03,+1.681134E+03,+4.215812E+06"
"2026-08-26T04:13:16.168Z","a","time","4","VOLT","9","9","0.001865119","4825.429369386082","0.016786071","1","false","17.163","4215812","+9.000000E+00,+1.865119E-03,+1.681346E+03,+4.215812E+06"
"2026-08-26T04:13:16.360Z","a","time","4","VOLT","9","9","0.001866149","4822.7660277930645","0.016795341000000002","1","false","17.355","4215812","+9.000000E+00,+1.866149E-03,+1.681542E+03,+4.215812E+06"
"2026-08-26T04:13:16.584Z","a","time","4","VOLT","9","9","0.00184456","4879.2123866938455","0.01660104","1","false","17.579","4215812","+9.000000E+00,+1.844560E-03,+1.681751E+03,+4.215812E+06"
"2026-08-26T04:13:16.792Z","a","time","4","VOLT","9","9","0.001858596","4842.36488187858","0.016727363999999998","1","false","17.787","4215812","+9.000000E+00,+1.858596E-03,+1.681951E+03,+4.215812E+06"
"2026-08-26T04:13:16.999Z","a","time","4","VOLT","9","9","0.001833721","4908.053078958032","0.016503489","1","false","17.994","4215812","+9.000000E+00,+1.833721E-03,+1.682159E+03,+4.215812E+06"
"2026-08-26T04:13:17.207Z","a","time","4","VOLT","9","9","0.001822528","4938.195736910489","0.016402752","1","false","18.202","4215812","+9.000000E+00,+1.822528E-03,+1.682370E+03,+4.215812E+06"
"2026-08-26T04:13:17.415Z","a","time","4","VOLT","9","9","0.00181599","4955.9744271719555","0.01634391","1","false","18.41","4215812","+9.000000E+00,+1.815990E-03,+1.682563E+03,+4.215812E+06"
"2026-08-26T04:13:17.622Z","a","time","4","VOLT","9","9","0.001809531","4973.664446754435","0.016285779","1","false","18.617","4215812","+9.000000E+00,+1.809531E-03,+1.682778E+03,+4.215812E+06"
"2026-08-26T04:13:17.830Z","a","time","4","VOLT","9","9","0.00180399","4988.941180383483","0.01623591","1","false","18.825","4215812","+9.000000E+00,+1.803990E-03,+1.682974E+03,+4.215812E+06"
"2026-08-26T04:13:18.038Z","a","time","4","VOLT","9","9","0.001801488","4995.870080733261","0.016213392","1","false","19.033","4215812","+9.000000E+00,+1.801488E-03,+1.683181E+03,+4.215812E+06"
"2026-08-26T04:13:18.245Z","a","time","4","VOLT","9","9","0.001790746","5025.838393608027","0.016116714","1","false","19.24","4215812","+9.000000E+00,+1.790746E-03,+1.683380E+03,+4.215812E+06"
"2026-08-26T04:13:18.453Z","a","time","4","VOLT","9","9","0.001801102","4996.940761822484","0.016209918","1","false","19.448","4215812","+9.000000E+00,+1.801102E-03,+1.683579E+03,+4.215812E+06"
"2026-08-26T04:13:18.661Z","a","time","4","VOLT","9","9","0.00177919","5058.481668624487","0.01601271","1","false","19.656","4215812","+9.000000E+00,+1.779190E-03,+1.683787E+03,+4.215812E+06"
"2026-08-26T04:13:18.869Z","a","time","4","VOLT","9","9","0.001781037","5053.235839569868","0.016029333","1","false","19.864","4215812","+9.000000E+00,+1.781037E-03,+1.683984E+03,+4.215812E+06"
"2026-08-26T04:13:19.076Z","a","time","4","VOLT","9","9","0.001766135","5095.873192026657","0.015895215","1","false","20.071","4215812","+9.000000E+00,+1.766135E-03,+1.684191E+03,+4.215812E+06"
"2026-08-26T04:13:19.285Z","a","time","4","VOLT","9","9","0.001779139","5058.626672789479","0.016012250999999998","1","false","20.28","4215812","+9.000000E+00,+1.779139E-03,+1.684394E+03,+4.215812E+06"
"2026-08-26T04:13:19.492Z","a","time","4","VOLT","9","9","0.001756278","5124.473460351949","0.015806502","1","false","20.487","4215812","+9.000000E+00,+1.756278E-03,+1.684599E+03,+4.215812E+06"
"2026-08-26T04:13:19.700Z","a","time","4","VOLT","9","9","0.001753308","5133.154015153071","0.015779772","1","false","20.695","4215812","+9.000000E+00,+1.753308E-03,+1.684800E+03,+4.215812E+06"
"2026-08-26T04:13:19.907Z","a","time","4","VOLT","9","9","0.001748228","5148.069931381948","0.015734052000000002","1","false","20.902","4215812","+9.000000E+00,+1.748228E-03,+1.685012E+03,+4.215812E+06"
"2026-08-26T04:13:20.116Z","a","time","4","VOLT","9","9","0.001741882","5166.825307339992","0.015676937999999998","1","false","21.111","4215812","+9.000000E+00,+1.741882E-03,+1.685206E+03,+4.215812E+06"
"2026-08-26T04:13:20.323Z","a","time","4","VOLT","9","9","0.001733783","5190.961037223228","0.015604047","1","false","21.318","4215812","+9.000000E+00,+1.733783E-03,+1.685418E+03,+4.215812E+06"
"2026-08-26T04:13:20.530Z","a","time","4","VOLT","9","9","0.001742702","5164.394141970342","0.015684318","1","false","21.525","4215812","+9.000000E+00,+1.742702E-03,+1.685615E+03,+4.215812E+06"
"2026-08-26T04:13:20.738Z","a","time","4","VOLT","9","9","0.001720943","5229.690931076741","0.015488486999999999","1","false","21.733","4215812","+9.000000E+00,+1.720943E-03,+1.685824E+03,+4.215812E+06"
"2026-08-26T04:13:20.946Z","a","time","4","VOLT","9","9","0.001719433","5234.2836272189725","0.015474897","1","false","21.941","4215812","+9.000000E+00,+1.719433E-03,+1.686021E+03,+4.215812E+06"
"2026-08-26T04:13:21.153Z","a","time","4","VOLT","9","9","0.001712287","5256.128207479237","0.015410583","1","false","22.148","4215812","+9.000000E+00,+1.712287E-03,+1.686233E+03,+4.215812E+06"
"2026-08-26T04:13:21.345Z","a","time","4","VOLT","9","9","0.001723977","5220.487280282741","0.015515793","1","false","22.34","4215812","+9.000000E+00,+1.723977E-03,+1.686420E+03,+4.215812E+06"
"2026-08-26T04:13:21.569Z","a","time","4","VOLT","9","9","0.001719275","5234.764653705777","0.015473474999999999","1","false","22.564","4215812","+9.000000E+00,+1.719275E-03,+1.686628E+03,+4.215812E+06"
"2026-08-26T04:13:21.761Z","a","time","4","VOLT","9","9","0.001715291","5246.923116835569","0.015437619000000001","1","false","22.756","4215812","+9.000000E+00,+1.715291E-03,+1.686823E+03,+4.215812E+06"
"2026-08-26T04:13:21.984Z","a","time","4","VOLT","9","9","0.001709052","5266.077334101011","0.015381467999999999","1","false","22.979","4215812","+9.000000E+00,+1.709052E-03,+1.687036E+03,+4.215812E+06"
"2026-08-26T04:13:22.176Z","a","time","4","VOLT","9","9","0.001698599","5298.484221408348","0.015287391000000001","1","false","23.171","4215812","+9.000000E+00,+1.698599E-03,+1.687229E+03,+4.215812E+06"
"2026-08-26T04:13:22.384Z","a","time","4","VOLT","9","9","0.001680059","5356.954725994742","0.015120531","1","false","23.379","4215812","+9.000000E+00,+1.680059E-03,+1.687436E+03,+4.215812E+06"
"2026-08-26T04:13:22.592Z","a","time","4","VOLT","9","9","0.00169157","5320.501072967716","0.01522413","1","false","23.587","4215812","+9.000000E+00,+1.691570E-03,+1.687638E+03,+4.215812E+06"
"2026-08-26T04:13:22.800Z","a","time","4","VOLT","9","9","0.001691051","5322.133986497154","0.015219459000000001","1","false","23.795","4215812","+9.000000E+00,+1.691051E-03,+1.687834E+03,+4.215812E+06"
"2026-08-26T04:13:23.008Z","a","time","4","VOLT","9","9","0.001678601","5361.607672103138","0.015107409","1","false","24.003","4215812","+9.000000E+00,+1.678601E-03,+1.688044E+03,+4.215812E+06"
"2026-08-26T04:13:23.215Z","a","time","4","VOLT","9","9","0.001672683","5380.577192450692","0.015054146999999999","1","false","24.21","4215812","+9.000000E+00,+1.672683E-03,+1.688238E+03,+4.215812E+06"
"2026-08-26T04:13:23.423Z","a","time","4","VOLT","9","9","0.001664535","5406.915444853968","0.014980815","1","false","24.418","4215812","+9.000000E+00,+1.664535E-03,+1.688449E+03,+4.215812E+06"
"2026-08-26T04:13:23.630Z","a","time","4","VOLT","9","9","0.001652513","5446.25064976796","0.014872617","1","false","24.625","4215812","+9.000000E+00,+1.652513E-03,+1.688644E+03,+4.215812E+06"
"2026-08-26T04:13:23.839Z","a","time","4","VOLT","9","9","0.001646882","5464.872407373449","0.014821938","1","false","24.834","4215812","+9.000000E+00,+1.646882E-03,+1.688854E+03,+4.215812E+06"
"2026-08-26T04:13:24.046Z","a","time","4","VOLT","9","9","0.001659118","5424.568957723321","0.014932062","1","false","25.041","4215812","+9.000000E+00,+1.659118E-03,+1.689055E+03,+4.215812E+06"
"2026-08-26T04:13:24.254Z","a","time","4","VOLT","9","9","0.00165889","5425.314517538836","0.01493001","1","false","25.249","4215812","+9.000000E+00,+1.658890E-03,+1.689253E+03,+4.215812E+06"
"2026-08-26T04:13:24.462Z","a","time","4","VOLT","9","9","0.001647401","5463.1507447184995","0.014826609","1","false","25.457","4215812","+9.000000E+00,+1.647401E-03,+1.689462E+03,+4.215812E+06"
"2026-08-26T04:13:24.669Z","a","time","4","VOLT","9","9","0.001647149","5463.986561021498","0.014824341000000001","1","false","25.664","4215812","+9.000000E+00,+1.647149E-03,+1.689658E+03,+4.215812E+06"
"2026-08-26T04:13:24.877Z","a","time","4","VOLT","9","9","0.001625933","5535.283434188248","0.014633397","1","false","25.872","4215812","+9.000000E+00,+1.625933E-03,+1.689865E+03,+4.215812E+06"
"2026-08-26T04:13:25.084Z","a","time","4","VOLT","9","9","0.001624468","5540.275339372643","0.014620212","1","false","26.08","4215812","+9.000000E+00,+1.624468E-03,+1.690074E+03,+4.215812E+06"
"2026-08-26T04:13:25.292Z","a","time","4","VOLT","9","9","0.001616678","5566.9712830879125","0.014550102","1","false","26.287","4215812","+9.000000E+00,+1.616678E-03,+1.690272E+03,+4.215812E+06"
"2026-08-26T04:13:25.500Z","a","time","4","VOLT","9","9","0.001629737","5522.363424282568","0.014667633","1","false","26.495","4215812","+9.000000E+00,+1.629737E-03,+1.690473E+03,+4.215812E+06"
"2026-08-26T04:13:25.708Z","a","time","4","VOLT","9","9","0.001609555","5591.607618254735","0.014485995","1","false","26.703","4215812","+9.000000E+00,+1.609555E-03,+1.690677E+03,+4.215812E+06"
"2026-08-26T04:13:25.916Z","a","time","4","VOLT","9","9","0.001616688","5566.936848668389","0.014550192","1","false","26.911","4215812","+9.000000E+00,+1.616688E-03,+1.690879E+03,+4.215812E+06"
"2026-08-26T04:13:26.123Z","a","time","4","VOLT","9","9","0.001612652","5580.86927619846","0.014513868","1","false","27.118","4215812","+9.000000E+00,+1.612652E-03,+1.691092E+03,+4.215812E+06"
"2026-08-26T04:13:26.332Z","a","time","4","VOLT","9","9","0.001597451","5633.975627421436","0.014377059","1","false","27.327","4215812","+9.000000E+00,+1.597451E-03,+1.691286E+03,+4.215812E+06"
"2026-08-26T04:13:26.539Z","a","time","4","VOLT","9","9","0.001591694","5654.353160846243","0.014325246","1","false","27.534","4215812","+9.000000E+00,+1.591694E-03,+1.691496E+03,+4.215812E+06"
"2026-08-26T04:13:26.747Z","a","time","4","VOLT","9","9","0.001588515","5665.668879425123","0.014296635","1","false","27.742","4215812","+9.000000E+00,+1.588515E-03,+1.691693E+03,+4.215812E+06"
"2026-08-26T04:13:26.954Z","a","time","4","VOLT","9","9","0.001603958","5611.119493153811","0.014435621999999999","1","false","27.949","4215812","+9.000000E+00,+1.603958E-03,+1.691896E+03,+4.215812E+06"
"2026-08-26T04:13:27.162Z","a","time","4","VOLT","9","9","0.001597481","5633.869823803851","0.014377329","1","false","28.157","4215812","+9.000000E+00,+1.597481E-03,+1.692106E+03,+4.215812E+06"
"2026-08-26T04:13:27.370Z","a","time","4","VOLT","9","9","0.001593062","5649.497634115935","0.014337557999999999","1","false","28.365","4215812","+9.000000E+00,+1.593062E-03,+1.692303E+03,+4.215812E+06"
"2026-08-26T04:13:27.577Z","a","time","4","VOLT","9","9","0.001569809","5733.181552660229","0.014128281","1","false","28.572","4215812","+9.000000E+00,+1.569809E-03,+1.692509E+03,+4.215812E+06"
"2026-08-26T04:13:27.785Z","a","time","4","VOLT","9","9","0.001569309","5735.008210620088","0.014123781","1","false","28.78","4215812","+9.000000E+00,+1.569309E-03,+1.692715E+03,+4.215812E+06"
"2026-08-26T04:13:27.993Z","a","time","4","VOLT","9","9","0.001581447","5690.99059279255","0.014233023","1","false","28.988","4215812","+9.000000E+00,+1.581447E-03,+1.692921E+03,+4.215812E+06"
"2026-08-26T04:13:28.201Z","a","time","4","VOLT","9","9","0.001579692","5697.3131471198185","0.014217228","1","false","29.196","4215812","+9.000000E+00,+1.579692E-03,+1.693118E+03,+4.215812E+06"
"2026-08-26T04:13:28.409Z","a","time","4","VOLT","9","9","0.001554747","5788.723181327895","0.013992723","1","false","29.404","4215812","+9.000000E+00,+1.554747E-03,+1.693321E+03,+4.215812E+06"
"2026-08-26T04:13:28.616Z","a","time","4","VOLT","9","9","0.001569301","5735.037446608395","0.014123709","1","false","29.611","4215812","+9.000000E+00,+1.569301E-03,+1.693528E+03,+4.215812E+06"
"2026-08-26T04:13:28.840Z","a","time","4","VOLT","9","9","0.001566569","5745.0389992397395","0.014099121000000001","1","false","29.835","4215812","+9.000000E+00,+1.566569E-03,+1.693739E+03,+4.215812E+06"
"2026-08-26T04:13:29.032Z","a","time","4","VOLT","9","9","0.001564292","5753.401538843132","0.014078628","1","false","30.027","4215812","+9.000000E+00,+1.564292E-03,+1.693933E+03,+4.215812E+06"
"2026-08-26T04:13:29.255Z","a","time","4","VOLT","9","9","0.001560989","5765.575542172302","0.014048901","1","false","30.25","4215812","+9.000000E+00,+1.560989E-03,+1.694145E+03,+4.215812E+06"
"2026-08-26T04:13:29.447Z","a","time","4","VOLT","9","9","0.001554259","5790.5407013888935","0.013988331","1","false","30.442","4215812","+9.000000E+00,+1.554259E-03,+1.694343E+03,+4.215812E+06"
"2026-08-26T04:13:29.671Z","a","time","4","VOLT","9","9","0.001551982","5799.03632902959","0.013967838","1","false","30.666","4215812","+9.000000E+00,+1.551982E-03,+1.694553E+03,+4.215812E+06"
"2026-08-26T04:13:29.878Z","a","time","4","VOLT","9","9","0.001531301","5877.355268493914","0.013781709000000001","1","false","30.873","4215812","+9.000000E+00,+1.531301E-03,+1.694759E+03,+4.215812E+06"
"2026-08-26T04:13:30.087Z","a","time","4","VOLT","9","9","0.001524935","5901.89090026788","0.013724415","1","false","31.082","4215812","+9.000000E+00,+1.524935E-03,+1.694969E+03,+4.215812E+06"
"2026-08-26T04:13:30.294Z","a","time","4","VOLT","9","9","0.001521125","5916.6735146684205","0.013690125","1","false","31.289","4215812","+9.000000E+00,+1.521125E-03,+1.695166E+03,+4.215812E+06"
"2026-08-26T04:13:30.502Z","a","time","4","VOLT","9","9","0.001535183","5862.493266275095","0.013816647000000001","1","false","31.497","4215812","+9.000000E+00,+1.535183E-03,+1.695367E+03,+4.215812E+06"
"2026-08-26T04:13:30.709Z","a","time","4","VOLT","9","9","0.001516825","5933.446508331547","0.013651425","1","false","31.704","4215812","+9.000000E+00,+1.516825E-03,+1.695572E+03,+4.215812E+06"
"2026-08-26T04:13:30.917Z","a","time","4","VOLT","9","9","0.001517244","5931.8079359681105","0.013655196000000001","1","false","31.912","4215812","+9.000000E+00,+1.517244E-03,+1.695783E+03,+4.215812E+06"
"2026-08-26T04:13:31.125Z","a","time","4","VOLT","9","9","0.001524926","5901.925732789657","0.013724334","1","false","32.12","4215812","+9.000000E+00,+1.524926E-03,+1.695988E+03,+4.215812E+06"
"2026-08-26T04:13:31.333Z","a","time","4","VOLT","9","9","0.001519533","5922.872356177852","0.013675797","1","false","32.328","4215812","+9.000000E+00,+1.519533E-03,+1.696184E+03,+4.215812E+06"
"2026-08-26T04:13:31.541Z","a","time","4","VOLT","9","9","0.001502488","5990.06447971631","0.013522392","1","false","32.536","4215812","+9.000000E+00,+1.502488E-03,+1.696393E+03,+4.215812E+06"
"2026-08-26T04:13:31.748Z","a","time","4","VOLT","9","9","0.001511273","5955.244353601235","0.013601457","1","false","32.743","4215812","+9.000000E+00,+1.511273E-03,+1.696590E+03,+4.215812E+06"
"2026-08-26T04:13:31.956Z","a","time","4","VOLT","9","9","0.001510338","5958.9310472225425","0.013593042","1","false","32.951","4215812","+9.000000E+00,+1.510338E-03,+1.696803E+03,+4.215812E+06"
"2026-08-26T04:13:32.164Z","a","time","4","VOLT","9","9","0.001505145","5979.490348105996","0.013546305","1","false","33.159","4215812","+9.000000E+00,+1.505145E-03,+1.696998E+03,+4.215812E+06"
"2026-08-26T04:13:32.356Z","a","time","4","VOLT","9","9","0.001504644","5981.481333790584","0.013541796","1","false","33.351","4215812","+9.000000E+00,+1.504644E-03,+1.697195E+03,+4.215812E+06"
"2026-08-26T04:13:32.579Z","a","time","4","VOLT","9","9","0.001486361","6055.056611415396","0.013377249","1","false","33.574","4215812","+9.000000E+00,+1.486361E-03,+1.697403E+03,+4.215812E+06"
"2026-08-26T04:13:32.787Z","a","time","4","VOLT","9","9","0.001497466","6010.15315205821","0.013477194","1","false","33.782","4215812","+9.000000E+00,+1.497466E-03,+1.697604E+03,+4.215812E+06"
"2026-08-26T04:13:32.996Z","a","time","4","VOLT","9","9","0.00147648","6095.57867360208","0.013288320000000001","1","false","33.991","4215812","+9.000000E+00,+1.476480E-03,+1.697811E+03,+4.215812E+06"
"2026-08-26T04:13:33.203Z","a","time","4","VOLT","9","9","0.001490327","6038.943131272533","0.013412943","1","false","34.198","4215812","+9.000000E+00,+1.490327E-03,+1.698011E+03,+4.215812E+06"
"2026-08-26T04:13:33.410Z","a","time","4","VOLT","9","9","0.001468334","6129.395627970203","0.013215006","1","false","34.405","4215812","+9.000000E+00,+1.468334E-03,+1.698216E+03,+4.215812E+06"
"2026-08-26T04:13:33.618Z","a","time","4","VOLT","9","9","0.001481789","6073.739243576514","0.013336101000000001","1","false","34.613","4215812","+9.000000E+00,+1.481789E-03,+1.698416E+03,+4.215812E+06"
"2026-08-26T04:13:33.826Z","a","time","4","VOLT","9","9","0.001466598","6136.65094320325","0.013199381999999999","1","false","34.821","4215812","+9.000000E+00,+1.466598E-03,+1.698619E+03,+4.215812E+06"
"2026-08-26T04:13:34.033Z","a","time","4","VOLT","9","9","0.001474162","6105.16347592734","0.013267458","1","false","35.028","4215812","+9.000000E+00,+1.474162E-03,+1.698823E+03,+4.215812E+06"
"2026-08-26T04:13:34.242Z","a","time","4","VOLT","9","9","0.001470609","6119.913586820155","0.013235480999999999","1","false","35.237","4215812","+9.000000E+00,+1.470609E-03,+1.699036E+03,+4.215812E+06"
"2026-08-26T04:13:34.433Z","a","time","4","VOLT","9","9","0.001454192","6189.003927954493","0.013087728","1","false","35.428","4215812","+9.000000E+00,+1.454192E-03,+1.699229E+03,+4.215812E+06"
"2026-08-26T04:13:34.657Z","a","time","4","VOLT","9","9","0.001455371","6183.990199062644","0.013098339","1","false","35.652","4215812","+9.000000E+00,+1.455371E-03,+1.699434E+03,+4.215812E+06"
"2026-08-26T04:13:34.864Z","a","time","4","VOLT","9","9","0.001446985","6219.829507562276","0.013022865","1","false","35.859","4215812","+9.000000E+00,+1.446985E-03,+1.699637E+03,+4.215812E+06"
"2026-08-26T04:13:35.072Z","a","time","4","VOLT","9","9","0.001458458","6170.901047544736","0.013126121999999999","1","false","36.067","4215812","+9.000000E+00,+1.458458E-03,+1.699839E+03,+4.215812E+06"
"2026-08-26T04:13:35.280Z","a","time","4","VOLT","9","9","0.001449123","6210.652925942104","0.013042107","1","false","36.275","4215812","+9.000000E+00,+1.449123E-03,+1.700046E+03,+4.215812E+06"
"2026-08-26T04:13:35.488Z","a","time","4","VOLT","9","9","0.00143382","6276.938527848684","0.01290438","1","false","36.483","4215812","+9.000000E+00,+1.433820E-03,+1.700254E+03,+4.215812E+06"
"2026-08-26T04:13:35.695Z","a","time","4","VOLT","9","9","0.001448465","6213.474264134791","0.013036184999999999","1","false","36.69","4215812","+9.000000E+00,+1.448465E-03,+1.700458E+03,+4.215812E+06"
"2026-08-26T04:13:35.903Z","a","time","4","VOLT","9","9","0.001429653","6295.23387843064","0.012866876999999999","1","false","36.898","4215812","+9.000000E+00,+1.429653E-03,+1.700666E+03,+4.215812E+06"
"2026-08-26T04:13:36.111Z","a","time","4","VOLT","9","9","0.001425066","6315.4969664562905","0.012825594","1","false","37.106","4215812","+9.000000E+00,+1.425066E-03,+1.700862E+03,+4.215812E+06"
"2026-08-26T04:13:36.319Z","a","time","4","VOLT","9","9","0.001426131","6310.780706681224","0.012835179","1","false","37.314","4215812","+9.000000E+00,+1.426131E-03,+1.701068E+03,+4.215812E+06"
"2026-08-26T04:13:36.526Z","a","time","4","VOLT","9","9","0.001432797","6281.420187228197","0.012895173","1","false","37.522","4215812","+9.000000E+00,+1.432797E-03,+1.701273E+03,+4.215812E+06"
"2026-08-26T04:13:36.734Z","a","time","4","VOLT","9","9","0.001428683","6299.508008424542","0.012858147","1","false","37.729","4215812","+9.000000E+00,+1.428683E-03,+1.701468E+03,+4.215812E+06"
"2026-08-26T04:13:36.942Z","a","time","4","VOLT","9","9","0.001426952","6307.149784996272","0.012842568","1","false","37.937","4215812","+9.000000E+00,+1.426952E-03,+1.701683E+03,+4.215812E+06"
"2026-08-26T04:13:37.149Z","a","time","4","VOLT","9","9","0.001420269","6336.827741786943","0.012782421","1","false","38.144","4215812","+9.000000E+00,+1.420269E-03,+1.701881E+03,+4.215812E+06"
"2026-08-26T04:13:37.357Z","a","time","4","VOLT","9","9","0.001415927","6356.259891929457","0.012743343","1","false","38.352","4215812","+9.000000E+00,+1.415927E-03,+1.702088E+03,+4.215812E+06"
"2026-08-26T04:13:37.565Z","a","time","4","VOLT","9","9","0.001407622","6393.761961663003","0.012668598000000001","1","false","38.56","4215812","+9.000000E+00,+1.407622E-03,+1.702281E+03,+4.215812E+06"
"2026-08-26T04:13:37.773Z","a","time","4","VOLT","9","9","0.001412731","6370.639562662673","0.012714579","1","false","38.768","4215812","+9.000000E+00,+1.412731E-03,+1.702500E+03,+4.215812E+06"
"2026-08-26T04:13:37.980Z","a","time","4","VOLT","9","9","0.001407244","6395.4793909229675","0.012665196","1","false","38.975","4215812","+9.000000E+00,+1.407244E-03,+1.702691E+03,+4.215812E+06"
"2026-08-26T04:13:38.188Z","a","time","4","VOLT","9","9","0.001388339","6482.566577759467","0.012495051","1","false","39.183","4215812","+9.000000E+00,+1.388339E-03,+1.702897E+03,+4.215812E+06"
"2026-08-26T04:13:38.396Z","a","time","4","VOLT","9","9","0.00140291","6415.236900442651","0.01262619","1","false","39.391","4215812","+9.000000E+00,+1.402910E-03,+1.703100E+03,+4.215812E+06"
"2026-08-26T04:13:38.604Z","a","time","4","VOLT","9","9","0.001383095","6507.1452069452935","0.012447855","1","false","39.599","4215812","+9.000000E+00,+1.383095E-03,+1.703302E+03,+4.215812E+06"
"2026-08-26T04:13:38.811Z","a","time","4","VOLT","9","9","0.001388928","6479.817528338402","0.012500352","1","false","39.806","4215812","+9.000000E+00,+1.388928E-03,+1.703504E+03,+4.215812E+06"
"2026-08-26T04:13:39.019Z","a","time","4","VOLT","9","9","0.001376564","6538.01784733583","0.012389076","1","false","40.014","4215812","+9.000000E+00,+1.376564E-03,+1.703715E+03,+4.215812E+06"
"2026-08-26T04:13:39.227Z","a","time","4","VOLT","9","9","0.001384082","6502.504909391207","0.012456738","1","false","40.222","4215812","+9.000000E+00,+1.384082E-03,+1.703912E+03,+4.215812E+06"
"2026-08-26T04:13:39.435Z","a","time","4","VOLT","9","9","0.001386304","6492.082544665527","0.012476736","1","false","40.43","4215812","+9.000000E+00,+1.386304E-03,+1.704111E+03,+4.215812E+06"
"2026-08-26T04:13:39.642Z","a","time","4","VOLT","9","9","0.001382242","6511.160853164641","0.012440178000000001","1","false","40.637","4215812","+9.000000E+00,+1.382242E-03,+1.704326E+03,+4.215812E+06"
"2026-08-26T04:13:39.850Z","a","time","4","VOLT","9","9","0.001373133","6554.3541667121835","0.012358197","1","false","40.845","4215812","+9.000000E+00,+1.373133E-03,+1.704523E+03,+4.215812E+06"
"2026-08-26T04:13:40.058Z","a","time","4","VOLT","9","9","0.001374073","6549.870348955259","0.012366657","1","false","41.053","4215812","+9.000000E+00,+1.374073E-03,+1.704729E+03,+4.215812E+06"
"2026-08-26T04:13:40.249Z","a","time","4","VOLT","9","9","0.001368558","6576.264944562086","0.012317022","1","false","41.245","4215812","+9.000000E+00,+1.368558E-03,+1.704924E+03,+4.215812E+06"
"2026-08-26T04:13:40.474Z","a","time","4","VOLT","9","9","0.001353102","6651.383266006555","0.012177918","1","false","41.469","4215812","+9.000000E+00,+1.353102E-03,+1.705129E+03,+4.215812E+06"
"2026-08-26T04:13:40.681Z","a","time","4","VOLT","9","9","0.001358129","6626.763731574835","0.012223161","1","false","41.676","4215812","+9.000000E+00,+1.358129E-03,+1.705330E+03,+4.215812E+06"
"2026-08-26T04:13:40.889Z","a","time","4","VOLT","9","9","0.001345042","6691.240868314892","0.012105378","1","false","41.884","4215812","+9.000000E+00,+1.345042E-03,+1.705538E+03,+4.215812E+06"
"2026-08-26T04:13:41.096Z","a","time","4","VOLT","9","9","0.001358003","6627.378584583392","0.012222027","1","false","42.091","4215812","+9.000000E+00,+1.358003E-03,+1.705744E+03,+4.215812E+06"
"2026-08-26T04:13:41.304Z","a","time","4","VOLT","9","9","0.001338813","6722.372728678315","0.012049316999999999","1","false","42.299","4215812","+9.000000E+00,+1.338813E-03,+1.705944E+03,+4.215812E+06"
"2026-08-26T04:13:41.512Z","a","time","4","VOLT","9","9","0.001344057","6696.144583153839","0.012096513","1","false","42.507","4215812","+9.000000E+00,+1.344057E-03,+1.706145E+03,+4.215812E+06"
"2026-08-26T04:13:41.720Z","a","time","4","VOLT","9","9","0.001340583","6713.49703822889","0.012065247","1","false","42.715","4215812","+9.000000E+00,+1.340583E-03,+1.706348E+03,+4.215812E+06"
"2026-08-26T04:13:41.928Z","a","time","4","VOLT","9","9","0.001344519","6693.843671974885","0.012100671","1","false","42.923","4215812","+9.000000E+00,+1.344519E-03,+1.706555E+03,+4.215812E+06"
"2026-08-26T04:13:42.135Z","a","time","4","VOLT","9","9","0.001338452","6724.185850519854","0.012046068","1","false","43.13","4215812","+9.000000E+00,+1.338452E-03,+1.706767E+03,+4.215812E+06"
"2026-08-26T04:13:42.343Z","a","time","4","VOLT","9","9","0.001338448","6724.205945991178","0.012046031999999998","1","false","43.338","4215812","+9.000000E+00,+1.338448E-03,+1.706965E+03,+4.215812E+06"
"2026-08-26T04:13:42.551Z","a","time","4","VOLT","9","9","0.001334381","6744.700351698653","0.012009428999999999","1","false","43.546","4215812","+9.000000E+00,+1.334381E-03,+1.707162E+03,+4.215812E+06"
"2026-08-26T04:13:42.758Z","a","time","4","VOLT","9","9","0.001326413","6785.216972390952","0.011937717","1","false","43.753","4215812","+9.000000E+00,+1.326413E-03,+1.707377E+03,+4.215812E+06"
"2026-08-26T04:13:42.966Z","a","time","4","VOLT","9","9","0.001316448","6836.57842922774","0.011848032","1","false","43.961","4215812","+9.000000E+00,+1.316448E-03,+1.707581E+03,+4.215812E+06"
"2026-08-26T04:13:43.174Z","a","time","4","VOLT","9","9","0.00131755","6830.860308906683","0.01185795","1","false","44.169","4215812","+9.000000E+00,+1.317550E-03,+1.707784E+03,+4.215812E+06"
"2026-08-26T04:13:43.382Z","a","time","4","VOLT","9","9","0.001320229","6816.999172113323","0.011882061","1","false","44.377","4215812","+9.000000E+00,+1.320229E-03,+1.707975E+03,+4.215812E+06"
"2026-08-26T04:13:43.590Z","a","time","4","VOLT","9","9","0.001302106","6911.879677998566","0.011718954","1","false","44.585","4215812","+9.000000E+00,+1.302106E-03,+1.708182E+03,+4.215812E+06"
"2026-08-26T04:13:43.797Z","a","time","4","VOLT","9","9","0.001302085","6911.991152651325","0.011718764999999999","1","false","44.792","4215812","+9.000000E+00,+1.302085E-03,+1.708389E+03,+4.215812E+06"
"2026-08-26T04:13:44.005Z","a","time","4","VOLT","9","9","0.001310587","6867.151894532755","0.011795283","1","false","45","4215812","+9.000000E+00,+1.310587E-03,+1.708594E+03,+4.215812E+06"
"2026-08-26T04:13:44.213Z","a","time","4","VOLT","9","9","0.001305121","6895.912333032723","0.011746089","1","false","45.208","4215812","+9.000000E+00,+1.305121E-03,+1.708788E+03,+4.215812E+06"
"2026-08-26T04:13:44.420Z","a","time","4","VOLT","9","9","0.001288571","6984.481258696649","0.011597139000000001","1","false","45.415","4215812","+9.000000E+00,+1.288571E-03,+1.708995E+03,+4.215812E+06"
"2026-08-26T04:13:44.629Z","a","time","4","VOLT","9","9","0.001302207","6911.343588231363","0.011719863","1","false","45.624","4215812","+9.000000E+00,+1.302207E-03,+1.709199E+03,+4.215812E+06"
"2026-08-26T04:13:44.836Z","a","time","4","VOLT","9","9","0.001298658","6930.231053903337","0.011687922","1","false","45.831","4215812","+9.000000E+00,+1.298658E-03,+1.709412E+03,+4.215812E+06"
"2026-08-26T04:13:45.044Z","a","time","4","VOLT","9","9","0.00129561","6946.534836872207","0.011660489999999999","1","false","46.039","4215812","+9.000000E+00,+1.295610E-03,+1.709608E+03,+4.215812E+06"
"2026-08-26T04:13:45.251Z","a","time","4","VOLT","9","9","0.001280067","7030.881977271502","0.011520602999999999","1","false","46.246","4215812","+9.000000E+00,+1.280067E-03,+1.709816E+03,+4.215812E+06"
"2026-08-26T04:13:45.459Z","a","time","4","VOLT","9","9","0.001277229","7046.504581402395","0.011495060999999999","1","false","46.454","4215812","+9.000000E+00,+1.277229E-03,+1.710022E+03,+4.215812E+06"
"2026-08-26T04:13:45.667Z","a","time","4","VOLT","9","9","0.001275606","7055.470105973161","0.011480454000000001","1","false","46.662","4215812","+9.000000E+00,+1.275606E-03,+1.710217E+03,+4.215812E+06"
"2026-08-26T04:13:45.874Z","a","time","4","VOLT","9","9","0.001281224","7024.532790519066","0.011531016000000002","1","false","46.869","4215812","+9.000000E+00,+1.281224E-03,+1.710427E+03,+4.215812E+06"
"2026-08-26T04:13:46.083Z","a","time","4","VOLT","9","9","0.001262491","7128.763690196603","0.011362418999999999","1","false","47.078","4215812","+9.000000E+00,+1.262491E-03,+1.710631E+03,+4.215812E+06"
"2026-08-26T04:13:46.290Z","a","time","4","VOLT","9","9","0.001259584","7145.216198363904","0.011336256","1","false","47.285","4215812","+9.000000E+00,+1.259584E-03,+1.710827E+03,+4.215812E+06"
"2026-08-26T04:13:46.498Z","a","time","4","VOLT","9","9","0.001265165","7113.696632455056","0.011386485","1","false","47.493","4215812","+9.000000E+00,+1.265165E-03,+1.711034E+03,+4.215812E+06"
"2026-08-26T04:13:46.706Z","a","time","4","VOLT","9","9","0.001268462","7095.206636067932","0.011416158","1","false","47.701","4215812","+9.000000E+00,+1.268462E-03,+1.711242E+03,+4.215812E+06"
"2026-08-26T04:13:46.897Z","a","time","4","VOLT","9","9","0.001259417","7146.163661440174","0.011334753000000001","1","false","47.892","4215812","+9.000000E+00,+1.259417E-03,+1.711434E+03,+4.215812E+06"
"2026-08-26T04:13:47.121Z","a","time","4","VOLT","9","9","0.001249644","7202.051144165858","0.011246796","1","false","48.116","4215812","+9.000000E+00,+1.249644E-03,+1.711637E+03,+4.215812E+06"
"2026-08-26T04:13:47.313Z","a","time","4","VOLT","9","9","0.001244214","7233.482343069601","0.011197926","1","false","48.308","4215812","+9.000000E+00,+1.244214E-03,+1.711834E+03,+4.215812E+06"
"2026-08-26T04:13:47.537Z","a","time","4","VOLT","9","9","0.001241744","7247.870736641369","0.011175695999999999","1","false","48.532","4215812","+9.000000E+00,+1.241744E-03,+1.712047E+03,+4.215812E+06"
"2026-08-26T04:13:47.728Z","a","time","4","VOLT","9","9","0.001251381","7192.054218499402","0.011262429","1","false","48.723","4215812","+9.000000E+00,+1.251381E-03,+1.712237E+03,+4.215812E+06"
"2026-08-26T04:13:47.936Z","a","time","4","VOLT","9","9","0.001248603","7208.05572307611","0.011237427000000001","1","false","48.931","4215812","+9.000000E+00,+1.248603E-03,+1.712449E+03,+4.215812E+06"
"2026-08-26T04:13:48.144Z","a","time","4","VOLT","9","9","0.001233861","7294.176572563684","0.011104748999999999","1","false","49.139","4215812","+9.000000E+00,+1.233861E-03,+1.712649E+03,+4.215812E+06"
"2026-08-26T04:13:48.351Z","a","time","4","VOLT","9","9","0.001228368","7326.794576218202","0.011055312000000001","1","false","49.346","4215812","+9.000000E+00,+1.228368E-03,+1.712847E+03,+4.215812E+06"
"2026-08-26T04:13:48.559Z","a","time","4","VOLT","9","9","0.00122649","7338.013355184306","0.01103841","1","false","49.554","4215812","+9.000000E+00,+1.226490E-03,+1.713058E+03,+4.215812E+06"
"2026-08-26T04:13:48.767Z","a","time","4","VOLT","9","9","0.001224522","7349.806700083787","0.011020698","1","false","49.762","4215812","+9.000000E+00,+1.224522E-03,+1.713252E+03,+4.215812E+06"
"2026-08-26T04:13:48.975Z","a","time","4","VOLT","9","9","0.001231405","7308.72458695555","0.011082645","1","false","49.97","4215812","+9.000000E+00,+1.231405E-03,+1.713459E+03,+4.215812E+06"
"2026-08-26T04:13:49.182Z","a","time","4","VOLT","9","9","0.001229129","7322.258282084305","0.011062161000000001","1","false","50.177","4215812","+9.000000E+00,+1.229129E-03,+1.713655E+03,+4.215812E+06"
"2026-08-26T04:13:49.391Z","a","time","4","VOLT","9","9","0.001211159","7430.8988332663175","0.010900431","1","false","50.386","4215812","+9.000000E+00,+1.211159E-03,+1.713862E+03,+4.215812E+06"
"2026-08-26T04:13:49.598Z","a","time","4","VOLT","9","9","0.001222536","7361.746402559925","0.011002824","1","false","50.593","4215812","+9.000000E+00,+1.222536E-03,+1.714063E+03,+4.215812E+06"
"2026-08-26T04:13:49.806Z","a","time","4","VOLT","9","9","0.001203553","7477.859304908052","0.010831977","1","false","50.801","4215812","+9.000000E+00,+1.203553E-03,+1.714269E+03,+4.215812E+06"
"2026-08-26T04:13:50.013Z","a","time","4","VOLT","9","9","0.001215293","7405.621525014954","0.010937637","1","false","51.008","4215812","+9.000000E+00,+1.215293E-03,+1.714471E+03,+4.215812E+06"
"2026-08-26T04:13:50.221Z","a","time","4","VOLT","9","9","0.001210012","7437.942764203992","0.010890107999999999","1","false","51.216","4215812","+9.000000E+00,+1.210012E-03,+1.714683E+03,+4.215812E+06"
"2026-08-26T04:13:50.429Z","a","time","4","VOLT","9","9","0.001197331","7516.718434584923","0.010775979","1","false","51.424","4215812","+9.000000E+00,+1.197331E-03,+1.714886E+03,+4.215812E+06"
"2026-08-26T04:13:50.636Z","a","time","4","VOLT","9","9","0.001193644","7539.936530489827","0.010742796","1","false","51.631","4215812","+9.000000E+00,+1.193644E-03,+1.715081E+03,+4.215812E+06"
"2026-08-26T04:13:50.845Z","a","time","4","VOLT","9","9","0.001196127","7524.284628638932","0.010765143","1","false","51.84","4215812","+9.000000E+00,+1.196127E-03,+1.715291E+03,+4.215812E+06"
"2026-08-26T04:13:51.052Z","a","time","4","VOLT","9","9","0.001185005","7594.904662849523","0.010665045","1","false","52.047","4215812","+9.000000E+00,+1.185005E-03,+1.715490E+03,+4.215812E+06"
"2026-08-26T04:13:51.260Z","a","time","4","VOLT","9","9","0.001195764","7526.568787821008","0.010761876","1","false","52.255","4215812","+9.000000E+00,+1.195764E-03,+1.715696E+03,+4.215812E+06"
"2026-08-26T04:13:51.484Z","a","time","4","VOLT","9","9","0.001191939","7550.721974866164","0.010727450999999999","1","false","52.479","4215812","+9.000000E+00,+1.191939E-03,+1.715908E+03,+4.215812E+06"
"2026-08-26T04:13:51.675Z","a","time","4","VOLT","9","9","0.001188051","7575.432367802392","0.010692459000000001","1","false","52.67","4215812","+9.000000E+00,+1.188051E-03,+1.716102E+03,+4.215812E+06"
"2026-08-26T04:13:51.899Z","a","time","4","VOLT","9","9","0.001185576","7591.246786372193","0.010670184000000001","1","false","52.894","4215812","+9.000000E+00,+1.185576E-03,+1.716315E+03,+4.215812E+06"
"2026-08-26T04:13:52.091Z","a","time","4","VOLT","9","9","0.001182592","7610.401558610239","0.010643328","1","false","53.086","4215812","+9.000000E+00,+1.182592E-03,+1.716512E+03,+4.215812E+06"
"2026-08-26T04:13:52.314Z","a","time","4","VOLT","9","9","0.001179028","7633.406500948239","0.010611252","1","false","53.309","4215812","+9.000000E+00,+1.179028E-03,+1.716722E+03,+4.215812E+06"
"2026-08-26T04:13:52.506Z","a","time","4","VOLT","9","9","0.001169759","7693.892502643706","0.010527831","1","false","53.501","4215812","+9.000000E+00,+1.169759E-03,+1.716923E+03,+4.215812E+06"
"2026-08-26T04:13:52.730Z","a","time","4","VOLT","9","9","0.001172071","7678.715709201917","0.010548639","1","false","53.725","4215812","+9.000000E+00,+1.172071E-03,+1.717129E+03,+4.215812E+06"
"2026-08-26T04:13:52.938Z","a","time","4","VOLT","9","9","0.001155331","7789.975340400284","0.010397978999999998","1","false","53.933","4215812","+9.000000E+00,+1.155331E-03,+1.717333E+03,+4.215812E+06"
"2026-08-26T04:13:53.145Z","a","time","4","VOLT","9","9","0.001165862","7719.610039610177","0.010492758","1","false","54.14","4215812","+9.000000E+00,+1.165862E-03,+1.717538E+03,+4.215812E+06"
"2026-08-26T04:13:53.353Z","a","time","4","VOLT","9","9","0.001147591","7842.51532122507","0.010328319","1","false","54.348","4215812","+9.000000E+00,+1.147591E-03,+1.717740E+03,+4.215812E+06"
"2026-08-26T04:13:53.561Z","a","time","4","VOLT","9","9","0.001144073","7866.630888063961","0.010296657","1","false","54.556","4215812","+9.000000E+00,+1.144073E-03,+1.717953E+03,+4.215812E+06"
"2026-08-26T04:13:53.768Z","a","time","4","VOLT","9","9","0.001154943","7792.592361700967","0.010394487","1","false","54.764","4215812","+9.000000E+00,+1.154943E-03,+1.718156E+03,+4.215812E+06"
"2026-08-26T04:13:53.977Z","a","time","4","VOLT","9","9","0.001151266","7817.480929689576","0.010361394","1","false","54.972","4215812","+9.000000E+00,+1.151266E-03,+1.718355E+03,+4.215812E+06"
"2026-08-26T04:13:54.168Z","a","time","4","VOLT","9","9","0.001148321","7837.529749956675","0.010334889000000002","1","false","55.163","4215812","+9.000000E+00,+1.148321E-03,+1.718552E+03,+4.215812E+06"
"2026-08-26T04:13:54.392Z","a","time","4","VOLT","9","9","0.00114166","7883.257712453795","0.01027494","1","false","55.387","4215812","+9.000000E+00,+1.141660E-03,+1.718758E+03,+4.215812E+06"
"2026-08-26T04:13:54.584Z","a","time","4","VOLT","9","9","0.001142421","7878.006444209272","0.010281789","1","false","55.579","4215812","+9.000000E+00,+1.142421E-03,+1.718958E+03,+4.215812E+06"
"2026-08-26T04:13:54.808Z","a","time","4","VOLT","9","9","0.001130202","7963.178263708611","0.010171818000000001","1","false","55.803","4215812","+9.000000E+00,+1.130202E-03,+1.719165E+03,+4.215812E+06"
"2026-08-26T04:13:55.000Z","a","time","4","VOLT","9","9","0.00113554","7925.7445796713455","0.01021986","1","false","55.995","4215812","+9.000000E+00,+1.135540E-03,+1.719363E+03,+4.215812E+06"
"2026-08-26T04:13:55.223Z","a","time","4","VOLT","9","9","0.001122399","8018.538861848594","0.010101591","1","false","56.218","4215812","+9.000000E+00,+1.122399E-03,+1.719572E+03,+4.215812E+06"
"2026-08-26T04:13:55.431Z","a","time","4","VOLT","9","9","0.001121841","8022.527256536355","0.010096569","1","false","56.426","4215812","+9.000000E+00,+1.121841E-03,+1.719776E+03,+4.215812E+06"
"2026-08-26T04:13:55.638Z","a","time","4","VOLT","9","9","0.001123592","8010.024991277972","0.010112328","1","false","56.633","4215812","+9.000000E+00,+1.123592E-03,+1.719986E+03,+4.215812E+06"
"2026-08-26T04:13:55.846Z","a","time","4","VOLT","9","9","0.001122003","8021.36892682105","0.010098027","1","false","56.841","4215812","+9.000000E+00,+1.122003E-03,+1.720178E+03,+4.215812E+06"
"2026-08-26T04:13:56.054Z","a","time","4","VOLT","9","9","0.001118159","8048.9447386284055","0.010063431000000001","1","false","57.049","4215812","+9.000000E+00,+1.118159E-03,+1.720393E+03,+4.215812E+06"
"2026-08-26T04:13:56.261Z","a","time","4","VOLT","9","9","0.001107563","8125.948591637677","0.009968067","1","false","57.256","4215812","+9.000000E+00,+1.107563E-03,+1.720591E+03,+4.215812E+06"
"2026-08-26T04:13:56.469Z","a","time","4","VOLT","9","9","0.001096514","8207.829539796117","0.009868626","1","false","57.464","4215812","+9.000000E+00,+1.096514E-03,+1.720789E+03,+4.215812E+06"
"2026-08-26T04:13:56.677Z","a","time","4","VOLT","9","9","0.001105498","8141.127347132244","0.009949481999999999","1","false","57.672","4215812","+9.000000E+00,+1.105498E-03,+1.720997E+03,+4.215812E+06"
"2026-08-26T04:13:56.884Z","a","time","4","VOLT","9","9","0.001100621","8177.201779722539","0.009905589","1","false","57.879","4215812","+9.000000E+00,+1.100621E-03,+1.721203E+03,+4.215812E+06"
"2026-08-26T04:13:57.093Z","a","time","4","VOLT","9","9","0.001096298","8209.446701535531","0.009866682000000002","1","false","58.088","4215812","+9.000000E+00,+1.096298E-03,+1.721399E+03,+4.215812E+06"
"2026-08-26T04:13:57.300Z","a","time","4","VOLT","9","9","0.001082952","8310.617645103383","0.009746568","1","false","58.295","4215812","+9.000000E+00,+1.082952E-03,+1.721606E+03,+4.215812E+06"
"2026-08-26T04:13:57.509Z","a","time","4","VOLT","9","9","0.001094354","8224.029884297037","0.009849186000000001","1","false","58.504","4215812","+9.000000E+00,+1.094354E-03,+1.721811E+03,+4.215812E+06"
"2026-08-26T04:13:57.715Z","a","time","4","VOLT","9","9","0.001077377","8353.621805551817","0.009696393000000001","1","false","58.71","4215812","+9.000000E+00,+1.077377E-03,+1.722018E+03,+4.215812E+06"
"2026-08-26T04:13:57.923Z","a","time","4","VOLT","9","9","0.001085536","8290.835126610264","0.009769824","1","false","58.918","4215812","+9.000000E+00,+1.085536E-03,+1.722222E+03,+4.215812E+06"
"2026-08-26T04:13:58.131Z","a","time","4","VOLT","9","9","0.001070573","8406.713040586676","0.009635157","1","false","59.126","4215812","+9.000000E+00,+1.070573E-03,+1.722421E+03,+4.215812E+06"
"2026-08-26T04:13:58.339Z","a","time","4","VOLT","9","9","0.001079605","8336.382287966433","0.009716445","1","false","59.334","4215812","+9.000000E+00,+1.079605E-03,+1.722629E+03,+4.215812E+06"
"2026-08-26T04:13:58.546Z","a","time","4","VOLT","9","9","0.001064138","8457.549678707084","0.009577242","1","false","59.541","4215812","+9.000000E+00,+1.064138E-03,+1.722828E+03,+4.215812E+06"
"2026-08-26T04:13:58.754Z","a","time","4","VOLT","9","9","0.001073553","8383.377439213527","0.009661977","1","false","59.749","4215812","+9.000000E+00,+1.073553E-03,+1.723035E+03,+4.215812E+06"
"2026-08-26T04:13:58.962Z","a","time","4","VOLT","9","9","0.001055782","8524.487062670136","0.009502037999999999","1","false","59.957","4215812","+9.000000E+00,+1.055782E-03,+1.723239E+03,+4.215812E+06"
"2026-08-26T04:13:59.170Z","a","time","4","VOLT","9","9","0.001052575","8550.459587202811","0.009473175","1","false","60.165","4215812","+9.000000E+00,+1.052575E-03,+1.723437E+03,+4.215812E+06"
"2026-08-26T04:13:59.377Z","a","time","4","VOLT","9","9","0.001048726","8581.841205424485","0.009438534","1","false","60.372","4215812","+9.000000E+00,+1.048726E-03,+1.723647E+03,+4.215812E+06"
"2026-08-26T04:13:59.585Z","a","time","4","VOLT","9","9","0.001057399","8511.451211888794","0.009516591000000001","1","false","60.58","4215812","+9.000000E+00,+1.057399E-03,+1.723848E+03,+4.215812E+06"
"2026-08-26T04:13:59.777Z","a","time","4","VOLT","9","9","0.001050896","8564.120521916537","0.009458063999999999","1","false","60.772","4215812","+9.000000E+00,+1.050896E-03,+1.724043E+03,+4.215812E+06"
"2026-08-26T04:14:00.000Z","a","time","4","VOLT","9","9","0.001040134","8652.731282700113","0.009361206","1","false","60.995","4215812","+9.000000E+00,+1.040134E-03,+1.724248E+03,+4.215812E+06"
"2026-08-26T04:14:00.193Z","a","time","4","VOLT","9","9","0.001036824","8680.3546214208","0.009331416","1","false","61.188","4215812","+9.000000E+00,+1.036824E-03,+1.724443E+03,+4.215812E+06"
"2026-08-26T04:14:00.416Z","a","time","4","VOLT","9","9","0.001032659","8715.364897802663","0.009293931","1","false","61.411","4215812","+9.000000E+00,+1.032659E-03,+1.724655E+03,+4.215812E+06"
"2026-08-26T04:14:00.608Z","a","time","4","VOLT","9","9","0.00102854","8750.267369280728","0.00925686","1","false","61.603","4215812","+9.000000E+00,+1.028540E-03,+1.724853E+03,+4.215812E+06"
"2026-08-26T04:14:00.831Z","a","time","4","VOLT","9","9","0.001029281","8743.967876605126","0.009263529","1","false","61.826","4215812","+9.000000E+00,+1.029281E-03,+1.725062E+03,+4.215812E+06"
"2026-08-26T04:14:01.023Z","a","time","4","VOLT","9","9","0.001022895","8798.55703664599","0.009206055","1","false","62.018","4215812","+9.000000E+00,+1.022895E-03,+1.725259E+03,+4.215812E+06"
"2026-08-26T04:14:01.247Z","a","time","4","VOLT","9","9","0.001022367","8803.10103905936","0.009201303","1","false","62.242","4215812","+9.000000E+00,+1.022367E-03,+1.725469E+03,+4.215812E+06"
"2026-08-26T04:14:01.439Z","a","time","4","VOLT","9","9","0.001026733","8765.667413047015","0.009240597","1","false","62.434","4215812","+9.000000E+00,+1.026733E-03,+1.725662E+03,+4.215812E+06"
"2026-08-26T04:14:01.662Z","a","time","4","VOLT","9","9","0.00101581","8859.92459219736","0.00914229","1","false","62.657","4215812","+9.000000E+00,+1.015810E-03,+1.725876E+03,+4.215812E+06"
"2026-08-26T04:14:01.870Z","a","time","4","VOLT","9","9","0.001007858","8929.82940057032","0.009070722","1","false","62.865","4215812","+9.000000E+00,+1.007858E-03,+1.726075E+03,+4.215812E+06"
"2026-08-26T04:14:02.078Z","a","time","4","VOLT","9","9","0.001017861","8842.07175635966","0.009160749","1","false","63.073","4215812","+9.000000E+00,+1.017861E-03,+1.726279E+03,+4.215812E+06"
"2026-08-26T04:14:02.286Z","a","time","4","VOLT","9","9","0.001011224","8900.1052190217","0.009101016","1","false","63.281","4215812","+9.000000E+00,+1.011224E-03,+1.726487E+03,+4.215812E+06"
"2026-08-26T04:14:02.477Z","a","time","4","VOLT","9","9","0.001008316","8925.773269490914","0.009074844","1","false","63.472","4215812","+9.000000E+00,+1.008316E-03,+1.726683E+03,+4.215812E+06"
"2026-08-26T04:14:02.701Z","a","time","4","VOLT","9","9","0.0009793645","9189.632664855628","0.0088142805","1","false","63.696","4215812","+9.000000E+00,+9.793645E-04,+1.726899E+03,+4.215812E+06"
"2026-08-26T04:14:02.893Z","a","time","4","VOLT","9","9","0.0009710478","9268.338798563778","0.0087394302","1","false","63.888","4215812","+9.000000E+00,+9.710478E-04,+1.727083E+03,+4.215812E+06"
"2026-08-26T04:14:03.116Z","a","time","4","VOLT","9","9","0.0009697878","9280.380718338589","0.0087280902","1","false","64.111","4215812","+9.000000E+00,+9.697878E-04,+1.727295E+03,+4.215812E+06"
"2026-08-26T04:14:03.309Z","a","time","4","VOLT","9","9","0.0009689862","9288.05797234264","0.0087208758","1","false","64.304","4215812","+9.000000E+00,+9.689862E-04,+1.727492E+03,+4.215812E+06"
"2026-08-26T04:14:03.532Z","a","time","4","VOLT","9","9","0.0009733128","9246.770411321006","0.0087598152","1","false","64.527","4215812","+9.000000E+00,+9.733128E-04,+1.727699E+03,+4.215812E+06"
"2026-08-26T04:14:03.724Z","a","time","4","VOLT","9","9","0.0009673325","9303.936340400018","0.008705992499999999","1","false","64.719","4215812","+9.000000E+00,+9.673325E-04,+1.727896E+03,+4.215812E+06"
"2026-08-26T04:14:03.947Z","a","time","4","VOLT","9","9","0.00096316","9344.241870509573","0.00866844","1","false","64.942","4215812","+9.000000E+00,+9.631600E-04,+1.728108E+03,+4.215812E+06"
"2026-08-26T04:14:04.139Z","a","time","4","VOLT","9","9","0.0009708671","9270.063842929687","0.0087378039","1","false","65.134","4215812","+9.000000E+00,+9.708671E-04,+1.728301E+03,+4.215812E+06"
"2026-08-26T04:14:04.363Z","a","time","4","VOLT","9","9","0.0009622123","9353.445180445106","0.0086599107","1","false","65.358","4215812","+9.000000E+00,+9.622123E-04,+1.728515E+03,+4.215812E+06"
"2026-08-26T04:14:04.555Z","a","time","4","VOLT","9","9","0.0009607614","9367.57034576951","0.0086468526","1","false","65.55","4215812","+9.000000E+00,+9.607614E-04,+1.728710E+03,+4.215812E+06"
"2026-08-26T04:14:04.762Z","a","time","4","VOLT","9","9","0.000965581","9320.813064880109","0.008690228999999999","1","false","65.757","4215812","+9.000000E+00,+9.655810E-04,+1.728917E+03,+4.215812E+06"
"2026-08-26T04:14:04.970Z","a","time","4","VOLT","9","9","0.000961861","9356.861334433977","0.008656749","1","false","65.965","4215812","+9.000000E+00,+9.618610E-04,+1.729114E+03,+4.215812E+06"
"2026-08-26T04:14:05.178Z","a","time","4","VOLT","9","9","0.0009508115","9465.598596567248","0.0085573035","1","false","66.173","4215812","+9.000000E+00,+9.508115E-04,+1.729313E+03,+4.215812E+06"
"2026-08-26T04:14:05.386Z","a","time","4","VOLT","9","9","0.0009572264","9402.16442003689","0.0086150376","1","false","66.381","4215812","+9.000000E+00,+9.572264E-04,+1.729520E+03,+4.215812E+06"
"2026-08-26T04:14:05.593Z","a","time","4","VOLT","9","9","0.0009425867","9548.193285561954","0.0084832803","1","false","66.588","4215812","+9.000000E+00,+9.425867E-04,+1.729726E+03,+4.215812E+06"
"2026-08-26T04:14:05.801Z","a","time","4","VOLT","9","9","0.0009506675","9467.032374620989","0.0085560075","1","false","66.796","4215812","+9.000000E+00,+9.506675E-04,+1.729925E+03,+4.215812E+06"
"2026-08-26T04:14:06.009Z","a","time","4","VOLT","9","9","0.000947734","9496.335469657099","0.008529606","1","false","67.004","4215812","+9.000000E+00,+9.477340E-04,+1.730125E+03,+4.215812E+06"
"2026-08-26T04:14:06.216Z","a","time","4","VOLT","9","9","0.0009405867","9568.495918558066","0.0084652803","1","false","67.211","4215812","+9.000000E+00,+9.405867E-04,+1.730331E+03,+4.215812E+06"
"2026-08-26T04:14:06.425Z","a","time","4","VOLT","9","9","0.0009313145","9663.760201306863","0.0083818305","1","false","67.42","4215812","+9.000000E+00,+9.313145E-04,+1.730535E+03,+4.215812E+06"
"2026-08-26T04:14:06.632Z","a","time","4","VOLT","9","9","0.0009265889","9713.045342977885","0.0083393001","1","false","67.627","4215812","+9.000000E+00,+9.265889E-04,+1.730734E+03,+4.215812E+06"
"2026-08-26T04:14:06.840Z","a","time","4","VOLT","9","9","0.0009342723","9633.165833986515","0.0084084507","1","false","67.835","4215812","+9.000000E+00,+9.342723E-04,+1.730940E+03,+4.215812E+06"
"2026-08-26T04:14:07.047Z","a","time","4","VOLT","9","9","0.0009208425","9773.658361771964","0.0082875825","1","false","68.042","4215812","+9.000000E+00,+9.208425E-04,+1.731142E+03,+4.215812E+06"
"2026-08-26T04:14:07.255Z","a","time","4","VOLT","9","9","0.0009250611","9729.087084085582","0.0083255499","1","false","68.25","4215812","+9.000000E+00,+9.250611E-04,+1.731349E+03,+4.215812E+06"
"2026-08-26T04:14:07.463Z","a","time","4","VOLT","9","9","0.0009139956","9846.874536376325","0.0082259604","1","false","68.458","4215812","+9.000000E+00,+9.139956E-04,+1.731546E+03,+4.215812E+06"
"2026-08-26T04:14:07.671Z","a","time","4","VOLT","9","9","0.0009125368","9862.615951488204","0.0082128312","1","false","68.666","4215812","+9.000000E+00,+9.125368E-04,+1.731748E+03,+4.215812E+06"
"2026-08-26T04:14:07.878Z","a","time","4","VOLT","9","9","0.0009082489","9909.17797973661","0.0081742401","1","false","68.873","4215812","+9.000000E+00,+9.082489E-04,+1.731959E+03,+4.215812E+06"
"2026-08-26T04:14:08.086Z","a","time","4","VOLT","9","9","0.0009157209","9828.322144880607","0.0082414881","1","false","69.081","4215812","+9.000000E+00,+9.157209E-04,+1.732158E+03,+4.215812E+06"
"2026-08-26T04:14:08.294Z","a","time","4","VOLT","9","9","0.0009004644","9994.842661186827","0.0081041796","1","false","69.289","4215812","+9.000000E+00,+9.004644E-04,+1.732365E+03,+4.215812E+06"
"2026-08-26T04:14:08.502Z","a","time","4","VOLT","9","9","0.0009032342","9964.193118462521","0.0081291078","1","false","69.497","4215812","+9.000000E+00,+9.032342E-04,+1.732572E+03,+4.215812E+06"
"2026-08-26T04:14:08.693Z","a","time","4","VOLT","9","9","0.0009074693","9917.690879460053","0.0081672237","1","false","69.688","4215812","+9.000000E+00,+9.074693E-04,+1.732764E+03,+4.215812E+06"
"2026-08-26T04:14:08.917Z","a","time","4","VOLT","9","9","0.0008923578","10085.640535668539","0.0080312202","1","false","69.912","4215812","+9.000000E+00,+8.923578E-04,+1.732969E+03,+4.215812E+06"
"2026-08-26T04:14:09.109Z","a","time","4","VOLT","9","9","0.0008952082","10053.527212999166","0.008056873800000001","1","false","70.104","4215812","+9.000000E+00,+8.952082E-04,+1.733167E+03,+4.215812E+06"
"2026-08-26T04:14:09.317Z","a","time","4","VOLT","9","9","0.000887271","10143.462369445186","0.007985439","1","false","70.312","4215812","+9.000000E+00,+8.872710E-04,+1.733372E+03,+4.215812E+06"
"2026-08-26T04:14:09.525Z","a","time","4","VOLT","9","9","0.0008834068","10187.83192522403","0.0079506612","1","false","70.52","4215812","+9.000000E+00,+8.834068E-04,+1.733567E+03,+4.215812E+06"
"2026-08-26T04:14:09.732Z","a","time","4","VOLT","9","9","0.0008787807","10241.462972502695","0.0079090263","1","false","70.727","4215812","+9.000000E+00,+8.787807E-04,+1.733765E+03,+4.215812E+06"
"2026-08-26T04:14:09.940Z","a","time","4","VOLT","9","9","0.0008795257","10232.787967423807","0.0079157313","1","false","70.935","4215812","+9.000000E+00,+8.795257E-04,+1.733974E+03,+4.215812E+06"
"2026-08-26T04:14:10.147Z","a","time","4","VOLT","9","9","0.0008738889","10298.791986029346","0.0078650001","1","false","71.142","4215812","+9.000000E+00,+8.738889E-04,+1.734170E+03,+4.215812E+06"
"2026-08-26T04:14:10.355Z","a","time","4","VOLT","9","9","0.0008697501","10347.799902523724","0.0078277509","1","false","71.35","4215812","+9.000000E+00,+8.697501E-04,+1.734383E+03,+4.215812E+06"
"2026-08-26T04:14:10.563Z","a","time","4","VOLT","9","9","0.000867334","10376.62538307042","0.007806006","1","false","71.558","4215812","+9.000000E+00,+8.673340E-04,+1.734576E+03,+4.215812E+06"
"2026-08-26T04:14:10.771Z","a","time","4","VOLT","9","9","0.0008693664","10352.366965182919","0.0078242976","1","false","71.766","4215812","+9.000000E+00,+8.693664E-04,+1.734779E+03,+4.215812E+06"
"2026-08-26T04:14:10.979Z","a","time","4","VOLT","9","9","0.0008666544","10384.762368944299","0.0077998896","1","false","71.974","4215812","+9.000000E+00,+8.666544E-04,+1.734992E+03,+4.215812E+06"
"2026-08-26T04:14:11.186Z","a","time","4","VOLT","9","9","0.0008571305","10500.151377182356","0.0077141745","1","false","72.181","4215812","+9.000000E+00,+8.571305E-04,+1.735187E+03,+4.215812E+06"
"2026-08-26T04:14:11.394Z","a","time","4","VOLT","9","9","0.0008531911","10548.633242892478","0.0076787199","1","false","72.389","4215812","+9.000000E+00,+8.531911E-04,+1.735397E+03,+4.215812E+06"
"2026-08-26T04:14:11.602Z","a","time","4","VOLT","9","9","0.0008511632","10573.76540715106","0.0076604688","1","false","72.597","4215812","+9.000000E+00,+8.511632E-04,+1.735594E+03,+4.215812E+06"
"2026-08-26T04:14:11.810Z","a","time","4","VOLT","9","9","0.0008526545","10555.271801180901","0.0076738905","1","false","72.805","4215812","+9.000000E+00,+8.526545E-04,+1.735798E+03,+4.215812E+06"
"2026-08-26T04:14:12.017Z","a","time","4","VOLT","9","9","0.0008459945","10638.36703430105","0.0076139505","1","false","73.012","4215812","+9.000000E+00,+8.459945E-04,+1.736002E+03,+4.215812E+06"
"2026-08-26T04:14:12.225Z","a","time","4","VOLT","9","9","0.0008515057","10569.512335619127","0.0076635513","1","false","73.22","4215812","+9.000000E+00,+8.515057E-04,+1.736202E+03,+4.215812E+06"
"2026-08-26T04:14:12.433Z","a","time","4","VOLT","9","9","0.0008376057","10744.912552529191","0.0075384512999999995","1","false","73.428","4215812","+9.000000E+00,+8.376057E-04,+1.736407E+03,+4.215812E+06"
"2026-08-26T04:14:12.641Z","a","time","4","VOLT","9","9","0.0008344478","10785.575802344976","0.0075100302","1","false","73.636","4215812","+9.000000E+00,+8.344478E-04,+1.736620E+03,+4.215812E+06"
"2026-08-26T04:14:12.848Z","a","time","4","VOLT","9","9","0.0008389843","10727.256755579336","0.0075508586999999995","1","false","73.843","4215812","+9.000000E+00,+8.389843E-04,+1.736819E+03,+4.215812E+06"
"2026-08-26T04:14:13.056Z","a","time","4","VOLT","9","9","0.000827076","10881.708573335462","0.007443684000000001","1","false","74.051","4215812","+9.000000E+00,+8.270760E-04,+1.737024E+03,+4.215812E+06"
"2026-08-26T04:14:13.263Z","a","time","4","VOLT","9","9","0.0008236143","10927.445043147018","0.0074125287","1","false","74.259","4215812","+9.000000E+00,+8.236143E-04,+1.737222E+03,+4.215812E+06"
"2026-08-26T04:14:13.471Z","a","time","4","VOLT","9","9","0.0008297664","10846.426174884882","0.0074678976000000005","1","false","74.466","4215812","+9.000000E+00,+8.297664E-04,+1.737423E+03,+4.215812E+06"
"2026-08-26T04:14:13.679Z","a","time","4","VOLT","9","9","0.0008174251","11010.183073654087","0.0073568259","1","false","74.674","4215812","+9.000000E+00,+8.174251E-04,+1.737630E+03,+4.215812E+06"
"2026-08-26T04:14:13.887Z","a","time","4","VOLT","9","9","0.0008247255","10912.721869276505","0.0074225294999999995","1","false","74.882","4215812","+9.000000E+00,+8.247255E-04,+1.737836E+03,+4.215812E+06"
"2026-08-26T04:14:14.095Z","a","time","4","VOLT","9","9","0.0008201448","10973.671966218648","0.007381303200000001","1","false","75.09","4215812","+9.000000E+00,+8.201448E-04,+1.738043E+03,+4.215812E+06"
"2026-08-26T04:14:14.302Z","a","time","4","VOLT","9","9","0.000819203","10986.287892012115","0.007372827","1","false","75.297","4215812","+9.000000E+00,+8.192030E-04,+1.738241E+03,+4.215812E+06"
"2026-08-26T04:14:14.511Z","a","time","4","VOLT","9","9","0.0008063266","11161.730246775935","0.0072569394","1","false","75.506","4215812","+9.000000E+00,+8.063266E-04,+1.738441E+03,+4.215812E+06"
"2026-08-26T04:14:14.718Z","a","time","4","VOLT","9","9","0.0008043447","11189.232675990777","0.0072391023","1","false","75.713","4215812","+9.000000E+00,+8.043447E-04,+1.738643E+03,+4.215812E+06"
"2026-08-26T04:14:14.925Z","a","time","4","VOLT","9","9","0.0007982514","11274.6435521441","0.0071842626","1","false","75.92","4215812","+9.000000E+00,+7.982514E-04,+1.738852E+03,+4.215812E+06"
"2026-08-26T04:14:15.133Z","a","time","4","VOLT","9","9","0.0007994717","11257.43412806232","0.0071952453","1","false","76.128","4215812","+9.000000E+00,+7.994717E-04,+1.739050E+03,+4.215812E+06"
"2026-08-26T04:14:15.341Z","a","time","4","VOLT","9","9","0.0007920231","11363.304933909125","0.0071282079","1","false","76.336","4215812","+9.000000E+00,+7.920231E-04,+1.739258E+03,+4.215812E+06"
"2026-08-26T04:14:15.549Z","a","time","4","VOLT","9","9","0.0007909061","11379.353377094954","0.0071181549","1","false","76.544","4215812","+9.000000E+00,+7.909061E-04,+1.739457E+03,+4.215812E+06"
"2026-08-26T04:14:15.757Z","a","time","4","VOLT","9","9","0.0007945115","11327.715206136098","0.0071506035","1","false","76.752","4215812","+9.000000E+00,+7.945115E-04,+1.739671E+03,+4.215812E+06"
"2026-08-26T04:14:15.964Z","a","time","4","VOLT","9","9","0.0007888581","11408.895972545633","0.007099722899999999","1","false","76.959","4215812","+9.000000E+00,+7.888581E-04,+1.739865E+03,+4.215812E+06"
"2026-08-26T04:14:16.172Z","a","time","4","VOLT","9","9","0.0007841362","11477.597896895973","0.007057225800000001","1","false","77.167","4215812","+9.000000E+00,+7.841362E-04,+1.740076E+03,+4.215812E+06"
"2026-08-26T04:14:16.380Z","a","time","4","VOLT","9","9","0.0007876361","11426.596622475785","0.0070887249","1","false","77.375","4215812","+9.000000E+00,+7.876361E-04,+1.740276E+03,+4.215812E+06"
"2026-08-26T04:14:16.588Z","a","time","4","VOLT","9","9","0.0007836364","11484.918260560637","0.0070527276","1","false","77.583","4215812","+9.000000E+00,+7.836364E-04,+1.740474E+03,+4.215812E+06"
"2026-08-26T04:14:16.796Z","a","time","4","VOLT","9","9","0.0007765128","11590.279001196117","0.0069886152","1","false","77.791","4215812","+9.000000E+00,+7.765128E-04,+1.740681E+03,+4.215812E+06"
"2026-08-26T04:14:17.004Z","a","time","4","VOLT","9","9","0.0007725394","11649.8912547373","0.0069528546","1","false","77.999","4215812","+9.000000E+00,+7.725394E-04,+1.740875E+03,+4.215812E+06"
"2026-08-26T04:14:17.211Z","a","time","4","VOLT","9","9","0.0007650724","11763.592569801236","0.006885651600000001","1","false","78.206","4215812","+9.000000E+00,+7.650724E-04,+1.741086E+03,+4.215812E+06"
"2026-08-26T04:14:17.403Z","a","time","4","VOLT","9","9","0.0007625402","11802.656436998339","0.0068628618","1","false","78.398","4215812","+9.000000E+00,+7.625402E-04,+1.741281E+03,+4.215812E+06"
"2026-08-26T04:14:17.626Z","a","time","4","VOLT","9","9","0.0007619493","11811.8095259094","0.0068575437000000005","1","false","78.621","4215812","+9.000000E+00,+7.619493E-04,+1.741488E+03,+4.215812E+06"
"2026-08-26T04:14:17.834Z","a","time","4","VOLT","9","9","0.0007642944","11775.56711131208","0.0068786496","1","false","78.829","4215812","+9.000000E+00,+7.642944E-04,+1.741692E+03,+4.215812E+06"
"2026-08-26T04:14:18.042Z","a","time","4","VOLT","9","9","0.0007600086","11841.97126190414","0.0068400774","1","false","79.037","4215812","+9.000000E+00,+7.600086E-04,+1.741904E+03,+4.215812E+06"
"2026-08-26T04:14:18.249Z","a","time","4","VOLT","9","9","0.0007578862","11875.133760187215","0.0068209758","1","false","79.244","4215812","+9.000000E+00,+7.578862E-04,+1.742100E+03,+4.215812E+06"
"2026-08-26T04:14:18.457Z","a","time","4","VOLT","9","9","0.0007550815","11919.243154546893","0.0067957335","1","false","79.452","4215812","+9.000000E+00,+7.550815E-04,+1.742312E+03,+4.215812E+06"
"2026-08-26T04:14:18.665Z","a","time","4","VOLT","9","9","0.0007497697","12003.6859318268","0.0067479273","1","false","79.66","4215812","+9.000000E+00,+7.497697E-04,+1.742506E+03,+4.215812E+06"
"2026-08-26T04:14:18.873Z","a","time","4","VOLT","9","9","0.0007411009","12144.09535867518","0.0066699081","1","false","79.868","4215812","+9.000000E+00,+7.411009E-04,+1.742714E+03,+4.215812E+06"
"2026-08-26T04:14:19.080Z","a","time","4","VOLT","9","9","0.0007381364","12192.868418357366","0.006643227600000001","1","false","80.075","4215812","+9.000000E+00,+7.381364E-04,+1.742907E+03,+4.215812E+06"
"2026-08-26T04:14:19.288Z","a","time","4","VOLT","9","9","0.0007430559","12112.143918108986","0.0066875031000000005","1","false","80.283","4215812","+9.000000E+00,+7.430559E-04,+1.743114E+03,+4.215812E+06"
"2026-08-26T04:14:19.496Z","a","time","4","VOLT","9","9","0.0007411686","12142.986089804666","0.0066705174","1","false","80.491","4215812","+9.000000E+00,+7.411686E-04,+1.743322E+03,+4.215812E+06"
"2026-08-26T04:14:19.703Z","a","time","4","VOLT","9","9","0.0007379407","12196.10193610408","0.0066414663","1","false","80.698","4215812","+9.000000E+00,+7.379407E-04,+1.743519E+03,+4.215812E+06"
"2026-08-26T04:14:19.912Z","a","time","4","VOLT","9","9","0.0007314754","12303.899762042578","0.0065832786","1","false","80.907","4215812","+9.000000E+00,+7.314754E-04,+1.743728E+03,+4.215812E+06"
"2026-08-26T04:14:20.119Z","a","time","4","VOLT","9","9","0.0007300721","12327.549566679783","0.0065706489","1","false","81.114","4215812","+9.000000E+00,+7.300721E-04,+1.743925E+03,+4.215812E+06"
"2026-08-26T04:14:20.327Z","a","time","4","VOLT","9","9","0.0007251297","12411.572715887929","0.006526167300000001","1","false","81.322","4215812","+9.000000E+00,+7.251297E-04,+1.744137E+03,+4.215812E+06"
"2026-08-26T04:14:20.535Z","a","time","4","VOLT","9","9","0.0007262863","12391.80747316864","0.0065365767","1","false","81.53","4215812","+9.000000E+00,+7.262863E-04,+1.744334E+03,+4.215812E+06"
"2026-08-26T04:14:20.742Z","a","time","4","VOLT","9","9","0.0007185262","12525.639287753182","0.0064667358","1","false","81.737","4215812","+9.000000E+00,+7.185262E-04,+1.744543E+03,+4.215812E+06"
"2026-08-26T04:14:20.950Z","a","time","4","VOLT","9","9","0.0007174173","12544.999960274166","0.0064567557000000005","1","false","81.945","4215812","+9.000000E+00,+7.174173E-04,+1.744739E+03,+4.215812E+06"
"2026-08-26T04:14:21.158Z","a","time","4","VOLT","9","9","0.0007082979","12706.517977816962","0.0063746811","1","false","82.153","4215812","+9.000000E+00,+7.082979E-04,+1.744947E+03,+4.215812E+06"
"2026-08-26T04:14:21.349Z","a","time","4","VOLT","9","9","0.0007052304","12761.786786275805","0.006347073599999999","1","false","82.344","4215812","+9.000000E+00,+7.052304E-04,+1.745145E+03,+4.215812E+06"
"2026-08-26T04:14:21.573Z","a","time","4","VOLT","9","9","0.0007067177","12734.929378449133","0.006360459299999999","1","false","82.568","4215812","+9.000000E+00,+7.067177E-04,+1.745353E+03,+4.215812E+06"
"2026-08-26T04:14:21.765Z","a","time","4","VOLT","9","9","0.0007000085","12856.986736589628","0.0063000765","1","false","82.76","4215812","+9.000000E+00,+7.000085E-04,+1.745550E+03,+4.215812E+06"
"2026-08-26T04:14:21.989Z","a","time","4","VOLT","9","9","0.0007023442","12814.229832039618","0.0063210978","1","false","82.984","4215812","+9.000000E+00,+7.023442E-04,+1.745760E+03,+4.215812E+06"
"2026-08-26T04:14:22.181Z","a","time","4","VOLT","9","9","0.0007028534","12804.946237721835","0.0063256805999999995","1","false","83.176","4215812","+9.000000E+00,+7.028534E-04,+1.745954E+03,+4.215812E+06"
"2026-08-26T04:14:22.388Z","a","time","4","VOLT","9","9","0.0006996904","12862.831903939228","0.0062972136000000005","1","false","83.383","4215812","+9.000000E+00,+6.996904E-04,+1.746161E+03,+4.215812E+06"
"2026-08-26T04:14:22.596Z","a","time","4","VOLT","9","9","0.0006959902","12931.216560233175","0.0062639118","1","false","83.591","4215812","+9.000000E+00,+6.959902E-04,+1.746363E+03,+4.215812E+06"
"2026-08-26T04:14:22.804Z","a","time","4","VOLT","9","9","0.0006854291","13130.46090397971","0.0061688619","1","false","83.799","4215812","+9.000000E+00,+6.854291E-04,+1.746563E+03,+4.215812E+06"
"2026-08-26T04:14:23.012Z","a","time","4","VOLT","9","9","0.0006903259","13037.320488772042","0.0062129331","1","false","84.007","4215812","+9.000000E+00,+6.903259E-04,+1.746764E+03,+4.215812E+06"
"2026-08-26T04:14:23.219Z","a","time","4","VOLT","9","9","0.0006883974","13073.843683895377","0.006195576600000001","1","false","84.214","4215812","+9.000000E+00,+6.883974E-04,+1.746959E+03,+4.215812E+06"
"2026-08-26T04:14:23.427Z","a","time","4","VOLT","9","9","0.0006780421","13273.512072480455","0.0061023789","1","false","84.422","4215812","+9.000000E+00,+6.780421E-04,+1.747167E+03,+4.215812E+06"
"2026-08-26T04:14:23.635Z","a","time","4","VOLT","9","9","0.0006739935","13353.244504583501","0.0060659415","1","false","84.63","4215812","+9.000000E+00,+6.739935E-04,+1.747378E+03,+4.215812E+06"
"2026-08-26T04:14:23.842Z","a","time","4","VOLT","9","9","0.0006805972","13223.680614613168","0.0061253748","1","false","84.837","4215812","+9.000000E+00,+6.805972E-04,+1.747580E+03,+4.215812E+06"
"2026-08-26T04:14:24.050Z","a","time","4","VOLT","9","9","0.000677833","13277.60672614051","0.006100497","1","false","85.046","4215812","+9.000000E+00,+6.778330E-04,+1.747776E+03,+4.215812E+06"
"2026-08-26T04:14:24.258Z","a","time","4","VOLT","9","9","0.0006660288","13512.92917063046","0.0059942592","1","false","85.253","4215812","+9.000000E+00,+6.660288E-04,+1.747981E+03,+4.215812E+06"
"2026-08-26T04:14:24.466Z","a","time","4","VOLT","9","9","0.000673121","13370.552991215545","0.006058089000000001","1","false","85.461","4215812","+9.000000E+00,+6.731210E-04,+1.748185E+03,+4.215812E+06"
"2026-08-26T04:14:24.673Z","a","time","4","VOLT","9","9","0.0006614446","13606.581715233597","0.0059530014","1","false","85.668","4215812","+9.000000E+00,+6.614446E-04,+1.748386E+03,+4.215812E+06"
"2026-08-26T04:14:24.881Z","a","time","4","VOLT","9","9","0.0006578654","13680.61004576316","0.0059207886","1","false","85.876","4215812","+9.000000E+00,+6.578654E-04,+1.748585E+03,+4.215812E+06"
"2026-08-26T04:14:25.089Z","a","time","4","VOLT","9","9","0.0006551796","13736.691435447625","0.0058966164","1","false","86.084","4215812","+9.000000E+00,+6.551796E-04,+1.748797E+03,+4.215812E+06"
"2026-08-26T04:14:25.297Z","a","time","4","VOLT","9","9","0.0006612456","13610.676577658893","0.0059512103999999994","1","false","86.292","4215812","+9.000000E+00,+6.612456E-04,+1.748996E+03,+4.215812E+06"
"2026-08-26T04:14:25.504Z","a","time","4","VOLT","9","9","0.0006501427","13843.114750038723","0.0058512843","1","false","86.499","4215812","+9.000000E+00,+6.501427E-04,+1.749204E+03,+4.215812E+06"
"2026-08-26T04:14:25.713Z","a","time","4","VOLT","9","9","0.0006541888","13757.496306876546","0.005887699200000001","1","false","86.708","4215812","+9.000000E+00,+6.541888E-04,+1.749403E+03,+4.215812E+06"
"2026-08-26T04:14:25.920Z","a","time","4","VOLT","9","9","0.0006536876","13768.044552168345","0.0058831884","1","false","86.915","4215812","+9.000000E+00,+6.536876E-04,+1.749604E+03,+4.215812E+06"
"2026-08-26T04:14:26.128Z","a","time","4","VOLT","9","9","0.0006479317","13890.352949238322","0.0058313853","1","false","87.123","4215812","+9.000000E+00,+6.479317E-04,+1.749812E+03,+4.215812E+06"
"2026-08-26T04:14:26.335Z","a","time","4","VOLT","9","9","0.0006399907","14062.704348672567","0.0057599163","1","false","87.33","4215812","+9.000000E+00,+6.399907E-04,+1.750021E+03,+4.215812E+06"
"2026-08-26T04:14:26.543Z","a","time","4","VOLT","9","9","0.0006451397","13950.466852373214","0.0058062573","1","false","87.538","4215812","+9.000000E+00,+6.451397E-04,+1.750221E+03,+4.215812E+06"
"2026-08-26T04:14:26.751Z","a","time","4","VOLT","9","9","0.0006340519","14194.421623844988","0.0057064671","1","false","87.746","4215812","+9.000000E+00,+6.340519E-04,+1.750428E+03,+4.215812E+06"
"2026-08-26T04:14:26.959Z","a","time","4","VOLT","9","9","0.0006312684","14257.010171901526","0.0056814156","1","false","87.954","4215812","+9.000000E+00,+6.312684E-04,+1.750622E+03,+4.215812E+06"
"2026-08-26T04:14:27.182Z","a","time","4","VOLT","9","9","0.0006307885","14267.856817300886","0.0056770965","1","false","88.177","4215812","+9.000000E+00,+6.307885E-04,+1.750837E+03,+4.215812E+06"
"2026-08-26T04:14:27.374Z","a","time","4","VOLT","9","9","0.0006291383","14305.28073080275","0.0056622447","1","false","88.369","4215812","+9.000000E+00,+6.291383E-04,+1.751033E+03,+4.215812E+06"
"2026-08-26T04:14:27.598Z","a","time","4","VOLT","9","9","0.0006268475","14357.559055432142","0.0056416274999999995","1","false","88.593","4215812","+9.000000E+00,+6.268475E-04,+1.751246E+03,+4.215812E+06"
"2026-08-26T04:14:27.790Z","a","time","4","VOLT","9","9","0.0006218329","14473.341632454636","0.0055964961","1","false","88.785","4215812","+9.000000E+00,+6.218329E-04,+1.751441E+03,+4.215812E+06"
"2026-08-26T04:14:27.997Z","a","time","4","VOLT","9","9","0.0006178363","14566.965391965477","0.0055605266999999995","1","false","88.992","4215812","+9.000000E+00,+6.178363E-04,+1.751651E+03,+4.215812E+06"
"2026-08-26T04:14:28.205Z","a","time","4","VOLT","9","9","0.0006158361","14614.278052228508","0.0055425249","1","false","89.2","4215812","+9.000000E+00,+6.158361E-04,+1.751848E+03,+4.215812E+06"
"2026-08-26T04:14:28.413Z","a","time","4","VOLT","9","9","0.0006157371","14616.627778316428","0.0055416339000000005","1","false","89.408","4215812","+9.000000E+00,+6.157371E-04,+1.752046E+03,+4.215812E+06"
"2026-08-26T04:14:28.621Z","a","time","4","VOLT","9","9","0.0006170623","14585.237179454974","0.005553560700000001","1","false","89.616","4215812","+9.000000E+00,+6.170623E-04,+1.752259E+03,+4.215812E+06"
"2026-08-26T04:14:28.828Z","a","time","4","VOLT","9","9","0.0006164277","14600.252389696308","0.0055478493","1","false","89.823","4215812","+9.000000E+00,+6.164277E-04,+1.752457E+03,+4.215812E+06"
"2026-08-26T04:14:29.036Z","a","time","4","VOLT","9","9","0.0006050313","14875.263478104356","0.0054452817","1","false","90.031","4215812","+9.000000E+00,+6.050313E-04,+1.752662E+03,+4.215812E+06"
"2026-08-26T04:14:29.244Z","a","time","4","VOLT","9","9","0.0006117602","14711.646818475605","0.0055058418","1","false","90.239","4215812","+9.000000E+00,+6.117602E-04,+1.752865E+03,+4.215812E+06"
"2026-08-26T04:14:29.452Z","a","time","4","VOLT","9","9","0.0006091191","14775.435542901216","0.0054820719","1","false","90.447","4215812","+9.000000E+00,+6.091191E-04,+1.753062E+03,+4.215812E+06"
"2026-08-26T04:14:29.659Z","a","time","4","VOLT","9","9","0.0005979831","15050.592566913681","0.0053818479","1","false","90.654","4215812","+9.000000E+00,+5.979831E-04,+1.753268E+03,+4.215812E+06"
"2026-08-26T04:14:29.867Z","a","time","4","VOLT","9","9","0.0006042522","14894.443081878726","0.005438269799999999","1","false","90.862","4215812","+9.000000E+00,+6.042522E-04,+1.753470E+03,+4.215812E+06"
"2026-08-26T04:14:30.075Z","a","time","4","VOLT","9","9","0.000601151","14971.280094352334","0.005410359","1","false","91.07","4215812","+9.000000E+00,+6.011510E-04,+1.753684E+03,+4.215812E+06"
"2026-08-26T04:14:30.283Z","a","time","4","VOLT","9","9","0.0005986439","15033.979298878681","0.0053877951","1","false","91.278","4215812","+9.000000E+00,+5.986439E-04,+1.753879E+03,+4.215812E+06"
"2026-08-26T04:14:30.490Z","a","time","4","VOLT","9","9","0.0005964895","15088.279005749471","0.0053684055","1","false","91.485","4215812","+9.000000E+00,+5.964895E-04,+1.754089E+03,+4.215812E+06"
"2026-08-26T04:14:30.698Z","a","time","4","VOLT","9","9","0.0005938102","15156.35804167729","0.0053442918","1","false","91.693","4215812","+9.000000E+00,+5.938102E-04,+1.754283E+03,+4.215812E+06"
"2026-08-26T04:14:30.906Z","a","time","4","VOLT","9","9","0.0005838971","15413.674772489878","0.005255073900000001","1","false","91.901","4215812","+9.000000E+00,+5.838971E-04,+1.754492E+03,+4.215812E+06"
"2026-08-26T04:14:31.097Z","a","time","4","VOLT","9","9","0.0005807083","15498.314730476559","0.0052263747","1","false","92.092","4215812","+9.000000E+00,+5.807083E-04,+1.754686E+03,+4.215812E+06"
"2026-08-26T04:14:31.321Z","a","time","4","VOLT","9","9","0.000578454","15558.713398126732","0.0052060859999999995","1","false","92.316","4215812","+9.000000E+00,+5.784540E-04,+1.754895E+03,+4.215812E+06"
"2026-08-26T04:14:31.529Z","a","time","4","VOLT","9","9","0.0005838177","15415.771053190063","0.0052543593","1","false","92.524","4215812","+9.000000E+00,+5.838177E-04,+1.755099E+03,+4.215812E+06"
"2026-08-26T04:14:31.720Z","a","time","4","VOLT","9","9","0.0005816698","15472.696021007108","0.0052350282","1","false","92.716","4215812","+9.000000E+00,+5.816698E-04,+1.755296E+03,+4.215812E+06"
"2026-08-26T04:14:31.945Z","a","time","4","VOLT","9","9","0.0005749729","15652.911641574761","0.0051747561","1","false","92.94","4215812","+9.000000E+00,+5.749729E-04,+1.755505E+03,+4.215812E+06"
"2026-08-26T04:14:32.152Z","a","time","4","VOLT","9","9","0.0005760697","15623.109495257257","0.0051846273","1","false","93.147","4215812","+9.000000E+00,+5.760697E-04,+1.755706E+03,+4.215812E+06"